-2.9399,0
-2.9965,0.0039063
-3.0534,0.0078125
-3.1104,0.011719
-3.1675,0.015625
-3.2247,0.019531
-3.2819,0.023438
-3.3391,0.027344
4.6037,0.03125
4.5465,0.035156
4.4895,0.039063
4.4325,0.042969
4.3758,0.046875
4.3192,0.050781
4.2628,0.054688
4.2067,0.058594
4.1509,0.0625
4.0953,0.066406
4.04,0.070313
3.9851,0.074219
3.9306,0.078125
-4.1237,0.082031
-4.1775,0.085938
-4.2309,0.089844
3.7161,0.09375
3.6636,0.097656
3.6115,0.10156
3.5598,0.10547
3.5087,0.10938
3.4581,0.11328
3.408,0.11719
3.3584,0.12109
3.3094,0.125
3.2609,0.12891
3.213,0.13281
3.1657,0.13672
3.119,0.14063
3.0728,0.14453
-4.9728,0.14844
-5.0178,0.15234
-5.0621,0.15625
2.8941,0.16016
2.8509,0.16406
2.8084,0.16797
2.7665,0.17188
2.7252,0.17578
2.6845,0.17969
2.6445,0.18359
2.6052,0.1875
2.5664,0.19141
2.5284,0.19531
2.4909,0.19922
2.4541,0.20313
2.418,0.20703
2.3825,0.21094
-5.6524,0.21484
-5.6866,0.21875
-5.7202,0.22266
2.2468,0.22656
2.2144,0.23047
2.1827,0.23438
2.1516,0.23828
2.1211,0.24219
2.0913,0.24609
2.0621,0.25
2.0335,0.25391
2.0055,0.25781
1.9781,0.26172
1.9514,0.26563
1.9252,0.26953
1.8996,0.27344
1.8746,0.27734
-6.1498,0.28125
-6.1736,0.28516
-6.1969,0.28906
1.7804,0.29297
1.7582,0.29688
1.7366,0.30078
1.7155,0.30469
1.695,0.30859
1.675,0.3125
1.6556,0.31641
1.6367,0.32031
1.6183,0.32422
1.6004,0.32813
1.583,0.33203
1.5661,0.33594
1.5498,0.33984
1.5338,0.34375
-6.4816,0.34766
-6.4966,0.35156
-6.5111,0.35547
1.4748,0.35938
1.4612,0.36328
1.448,0.36719
1.4352,0.37109
1.4229,0.375
1.4109,0.37891
1.3994,0.38281
1.3883,0.38672
1.3776,0.39063
1.3673,0.39453
1.3574,0.39844
1.3479,0.40234
1.3387,0.40625
-6.6701,0.41016
-6.6786,0.41406
-6.6867,0.41797
1.3055,0.42188
1.2981,0.42578
1.2909,0.42969
1.2841,0.43359
1.2777,0.4375
1.2715,0.44141
1.2656,0.44531
1.2601,0.44922
1.2548,0.45313
1.2499,0.45703
1.2452,0.46094
1.2408,0.46484
1.2367,0.46875
1.2328,0.47266
-6.7708,0.47656
-6.7742,0.48047
-6.7773,0.48438
1.2198,0.48828
1.2171,0.49219
1.2147,0.49609
1.2125,0.5
1.2105,0.50391
1.2087,0.50781
1.2071,0.51172
1.2058,0.51563
1.2046,0.51953
1.2036,0.52344
1.2029,0.52734
1.2023,0.53125
1.2019,0.53516
1.2017,0.53906
-6.7984,0.54297
-6.7983,0.54688
-6.7981,0.55078
1.2023,0.55469
1.2029,0.55859
1.2035,0.5625
1.2044,0.56641
1.2053,0.57031
1.2064,0.57422
1.2077,0.57813
1.2091,0.58203
1.2106,0.58594
1.2122,0.58984
1.2139,0.59375
1.2158,0.59766
1.2178,0.60156
1.2199,0.60547
-6.7779,0.60938
-6.7757,0.61328
-6.7733,0.61719
1.2291,0.62109
1.2317,0.625
1.2343,0.62891
1.237,0.63281
1.2398,0.63672
1.2426,0.64063
1.2456,0.64453
1.2486,0.64844
1.2517,0.65234
1.2549,0.65625
1.2581,0.66016
1.2614,0.66406
1.2648,0.66797
1.2682,0.67188
-6.7283,0.67578
-6.7248,0.67969
-6.7212,0.68359
1.2824,0.6875
1.2861,0.69141
1.2898,0.69531
1.2935,0.69922
1.2973,0.70313
1.3011,0.70703
1.305,0.71094
1.3089,0.71484
1.3129,0.71875
1.3169,0.72266
1.3209,0.72656
1.325,0.73047
1.3291,0.73438
1.3332,0.73828
-6.6627,0.74219
-6.6585,0.74609
-6.6544,0.75
1.3498,0.75391
1.354,0.75781
1.3582,0.76172
1.3624,0.76563
1.3667,0.76953
1.3709,0.77344
1.3752,0.77734
1.3795,0.78125
1.3838,0.78516
1.3881,0.78906
1.3924,0.79297
1.3968,0.79688
1.4011,0.80078
1.4054,0.80469
-6.5902,0.80859
-6.5859,0.8125
-6.5816,0.81641
1.4227,0.82031
1.427,0.82422
1.4313,0.82813
1.4356,0.83203
1.4399,0.83594
1.4442,0.83984
1.4484,0.84375
1.4527,0.84766
1.4569,0.85156
1.4612,0.85547
1.4654,0.85938
1.4696,0.86328
1.4738,0.86719
1.478,0.87109
-6.5178,0.875
-6.5137,0.87891
-6.5096,0.88281
1.4944,0.88672
1.4985,0.89063
1.5025,0.89453
1.5064,0.89844
1.5104,0.90234
1.5143,0.90625
1.5181,0.91016
1.522,0.91406
1.5258,0.91797
1.5296,0.92188
1.5333,0.92578
1.537,0.92969
1.5406,0.93359
1.5442,0.9375
-6.4523,0.94141
-6.4488,0.94531
-6.4454,0.94922
1.558,0.95313
1.5612,0.95703
1.5645,0.96094
1.5676,0.96484
1.5707,0.96875
1.5737,0.97266
1.5767,0.97656
1.5796,0.98047
1.5824,0.98438
1.5851,0.98828
1.5878,0.99219
1.5903,0.99609
1.5928,1
-6.4048,1.0039
-6.4025,1.0078
-6.4003,1.0117
-6.3982,1.0156
1.6038,1.0195
1.6057,1.0234
1.6075,1.0273
1.6092,1.0313
1.6108,1.0352
1.6123,1.0391
1.6137,1.043
1.615,1.0469
1.6162,1.0508
1.6174,1.0547
1.6184,1.0586
1.6193,1.0625
1.6201,1.0664
-6.3792,1.0703
-6.3786,1.0742
-6.3781,1.0781
-6.3777,1.082
1.6226,1.0859
1.6227,1.0898
1.6228,1.0938
1.6227,1.0977
1.6226,1.1016
1.6224,1.1055
1.622,1.1094
1.6216,1.1133
1.6211,1.1172
1.6205,1.1211
1.6198,1.125
1.619,1.1289
1.6182,1.1328
-6.3828,1.1367
-6.3839,1.1406
-6.385,1.1445
-6.3863,1.1484
1.6124,1.1523
1.6109,1.1563
1.6094,1.1602
1.6078,1.1641
1.6062,1.168
1.6044,1.1719
1.6026,1.1758
1.6008,1.1797
1.5989,1.1836
1.5969,1.1875
1.5949,1.1914
1.5928,1.1953
1.5907,1.1992
-6.4115,1.2031
-6.4137,1.207
-6.416,1.2109
1.5817,1.2148
1.5793,1.2188
1.5769,1.2227
1.5744,1.2266
1.5719,1.2305
1.5694,1.2344
1.5669,1.2383
1.5643,1.2422
1.5618,1.2461
1.5592,1.25
1.5566,1.2539
1.5539,1.2578
1.5513,1.2617
1.5486,1.2656
-6.4541,1.2695
-6.4568,1.2734
-6.4595,1.2773
1.5377,1.2813
1.535,1.2852
1.5322,1.2891
1.5294,1.293
1.5267,1.2969
1.5239,1.3008
1.5211,1.3047
1.5183,1.3086
1.5156,1.3125
1.5128,1.3164
1.51,1.3203
1.5073,1.3242
1.5045,1.3281
1.5018,1.332
-6.501,1.3359
-6.5037,1.3398
-6.5065,1.3438
1.4907,1.3477
1.488,1.3516
1.4852,1.3555
1.4825,1.3594
1.4798,1.3633
1.4771,1.3672
1.4744,1.3711
1.4717,1.375
1.469,1.3789
1.4664,1.3828
1.4638,1.3867
1.4611,1.3906
1.4585,1.3945
1.456,1.3984
-6.5466,1.4023
-6.5492,1.4063
-6.5517,1.4102
1.4457,1.4141
1.4432,1.418
1.4406,1.4219
1.4381,1.4258
1.4356,1.4297
1.4332,1.4336
1.4307,1.4375
1.4283,1.4414
1.4259,1.4453
1.4235,1.4492
1.4212,1.4531
1.4189,1.457
1.4165,1.4609
1.4143,1.4648
-6.588,1.4688
-6.5903,1.4727
-6.5925,1.4766
1.4052,1.4805
1.403,1.4844
1.4008,1.4883
1.3986,1.4922
1.3965,1.4961
1.3944,1.5
1.3923,1.5039
1.3902,1.5078
1.3882,1.5117
1.3861,1.5156
1.3842,1.5195
1.3822,1.5234
1.3803,1.5273
1.3784,1.5313
-6.6235,1.5352
-6.6254,1.5391
-6.6272,1.543
1.3709,1.5469
1.3691,1.5508
1.3673,1.5547
1.3656,1.5586
1.3639,1.5625
1.3622,1.5664
1.3605,1.5703
1.3589,1.5742
1.3573,1.5781
1.3557,1.582
1.3542,1.5859
1.3528,1.5898
1.3513,1.5938
1.3499,1.5977
-6.6515,1.6016
-6.6528,1.6055
-6.6542,1.6094
1.3445,1.6133
1.3433,1.6172
1.342,1.6211
1.3408,1.625
1.3397,1.6289
1.3386,1.6328
1.3375,1.6367
1.3365,1.6406
1.3355,1.6445
1.3346,1.6484
1.3337,1.6523
1.3329,1.6563
1.3321,1.6602
1.3314,1.6641
-6.6693,1.668
-6.6699,1.6719
-6.6705,1.6758
1.329,1.6797
1.3285,1.6836
1.328,1.6875
1.3276,1.6914
1.3273,1.6953
1.327,1.6992
1.3268,1.7031
1.3267,1.707
1.3266,1.7109
1.3266,1.7148
1.3267,1.7188
1.3268,1.7227
1.3271,1.7266
-6.6727,1.7305
-6.6723,1.7344
-6.6719,1.7383
-6.6714,1.7422
1.3292,1.7461
1.3299,1.75
1.3306,1.7539
1.3315,1.7578
1.3324,1.7617
1.3335,1.7656
1.3347,1.7695
1.336,1.7734
1.3375,1.7773
1.3391,1.7813
1.3408,1.7852
1.3427,1.7891
1.3447,1.793
-6.6532,1.7969
-6.6509,1.8008
-6.6484,1.8047
-6.6458,1.8086
1.357,1.8125
1.36,1.8164
1.3632,1.8203
1.3665,1.8242
1.3701,1.8281
1.3739,1.832
1.378,1.8359
1.3822,1.8398
1.3868,1.8438
1.3915,1.8477
1.3966,1.8516
1.4019,1.8555
1.4075,1.8594
-6.5867,1.8633
-6.5805,1.8672
-6.574,1.8711
1.4327,1.875
1.4398,1.8789
1.4472,1.8828
1.4549,1.8867
1.463,1.8906
1.4714,1.8945
1.4803,1.8984
1.4895,1.9023
1.499,1.9063
1.509,1.9102
1.5194,1.9141
1.5302,1.918
1.5414,1.9219
1.553,1.9258
-6.435,1.9297
-6.4225,1.9336
-6.4096,1.9375
1.6038,1.9414
1.6176,1.9453
1.6319,1.9492
1.6467,1.9531
1.662,1.957
1.6777,1.9609
1.694,1.9648
1.7108,1.9688
1.7281,1.9727
1.746,1.9766
1.7644,1.9805
1.7833,1.9844
1.8028,1.9883
1.8228,1.9922
-6.1566,1.9961
-6.1355,2
-6.1138,2.0039
1.9085,2.0078
1.9314,2.0117
1.9548,2.0156
1.9789,2.0195
2.0036,2.0234
2.0288,2.0273
2.0547,2.0313
2.0812,2.0352
2.1084,2.0391
2.1362,2.043
2.1646,2.0469
2.1936,2.0508
2.2233,2.0547
2.2536,2.0586
-5.7154,2.0625
-5.6838,2.0664
-5.6515,2.0703
2.3814,2.0742
2.4149,2.0781
2.4491,2.082
2.484,2.0859
2.5195,2.0898
2.5557,2.0938
2.5926,2.0977
2.6301,2.1016
2.6683,2.1055
2.7071,2.1094
2.7466,2.1133
2.7867,2.1172
2.8275,2.1211
2.869,2.125
-5.089,2.1289
-5.0463,2.1328
-5.0029,2.1367
3.041,2.1406
3.0856,2.1445
3.1307,2.1484
3.1765,2.1523
3.2229,2.1563
3.2698,2.1602
3.3174,2.1641
3.3655,2.168
3.4142,2.1719
3.4635,2.1758
3.5133,2.1797
3.5636,2.1836
3.6144,2.1875
3.6657,2.1914
-4.2825,2.1953
-4.2302,2.1992
-4.1775,2.2031
3.8756,2.207
3.9291,2.2109
3.9831,2.2148
4.0374,2.2188
4.092,2.2227
4.147,2.2266
4.2023,2.2305
4.2579,2.2344
4.3137,2.2383
4.3698,2.2422
4.4261,2.2461
4.4825,2.25
4.5392,2.2539
4.5959,2.2578
-3.3473,2.2617
-3.2905,2.2656
-3.2336,2.2695
-3.1768,2.2734
-3.12,2.2773
-3.0633,2.2813
-3.0067,2.2852
-2.9503,2.2891
-2.8941,2.293
-2.8381,2.2969
-2.7822,2.3008
-2.7267,2.3047
-2.6714,2.3086
-2.6165,2.3125
-2.5618,2.3164
-2.5076,2.3203
-2.4536,2.3242
-2.4001,2.3281
-2.347,2.332
-2.2943,2.3359
-2.242,2.3398
-2.1902,2.3438
-2.1388,2.3477
-2.088,2.3516
-2.0376,2.3555
-1.9878,2.3594
-1.9385,2.3633
-1.8897,2.3672
-1.8414,2.3711
-1.7937,2.375
-1.7466,2.3789
-1.7001,2.3828
-1.6541,2.3867
-1.6087,2.3906
-1.5639,2.3945
-1.5198,2.3984
-1.4762,2.4023
-1.4332,2.4063
-1.3909,2.4102
-1.3492,2.4141
-1.3081,2.418
-1.2676,2.4219
-1.2278,2.4258
-1.1885,2.4297
-1.15,2.4336
-1.112,2.4375
-1.0747,2.4414
-1.0381,2.4453
-1.002,2.4492
-0.96664,2.4531
-0.93188,2.457
-0.89775,2.4609
-0.86426,2.4648
-0.8314,2.4688
-0.79916,2.4727
-0.76756,2.4766
-0.73657,2.4805
-0.70621,2.4844
-0.67647,2.4883
-0.64734,2.4922
-0.61882,2.4961
-0.5909,2.5
-0.56359,2.5039
-0.53688,2.5078
-0.51076,2.5117
-0.48523,2.5156
-0.46028,2.5195
-0.43591,2.5234
-0.41212,2.5273
-0.38889,2.5313
-0.36623,2.5352
-0.34412,2.5391
-0.32256,2.543
-0.30154,2.5469
-0.28107,2.5508
-0.26112,2.5547
-0.24171,2.5586
-0.22281,2.5625
-0.20442,2.5664
-0.18654,2.5703
-0.16916,2.5742
-0.15228,2.5781
-0.13588,2.582
-0.11995,2.5859
-0.1045,2.5898
-0.089518,2.5938
-0.074991,2.5977
-0.060916,2.6016
-0.047285,2.6055
-0.03409,2.6094
-0.021326,2.6133
-0.0089846,2.6172
0.0029412,2.6211
0.014458,2.625
0.025574,2.6289
0.036296,2.6328
0.04663,2.6367
0.056584,2.6406
0.066165,2.6445
0.075379,2.6484
0.084235,2.6523
0.092739,2.6563
0.1009,2.6602
0.10872,2.6641
0.11621,2.668
0.12337,2.6719
0.13022,2.6758
0.13676,2.6797
0.14299,2.6836
0.14893,2.6875
0.15457,2.6914
0.15993,2.6953
0.16502,2.6992
0.16983,2.7031
0.17438,2.707
0.17867,2.7109
0.1827,2.7148
0.1865,2.7188
0.19005,2.7227
0.19336,2.7266
0.19645,2.7305
0.19932,2.7344
0.20198,2.7383
0.20442,2.7422
0.20666,2.7461
0.2087,2.75
0.21054,2.7539
0.2122,2.7578
0.21368,2.7617
0.21498,2.7656
0.21611,2.7695
0.21707,2.7734
0.21787,2.7773
0.21851,2.7813
0.21901,2.7852
0.21935,2.7891
0.21956,2.793
0.21962,2.7969
0.21956,2.8008
0.21937,2.8047
0.21905,2.8086
0.21862,2.8125
0.21807,2.8164
0.21741,2.8203
0.21664,2.8242
0.21578,2.8281
0.21481,2.832
0.21375,2.8359
0.2126,2.8398
0.21136,2.8438
0.21004,2.8477
0.20865,2.8516
0.20717,2.8555
0.20562,2.8594
0.20401,2.8633
0.20233,2.8672
0.20058,2.8711
0.19878,2.875
0.19692,2.8789
0.19501,2.8828
0.19305,2.8867
0.19104,2.8906
0.18898,2.8945
0.18689,2.8984
0.18475,2.9023
0.18258,2.9063
0.18038,2.9102
0.17814,2.9141
0.17587,2.918
0.17358,2.9219
0.17127,2.9258
0.16893,2.9297
0.16657,2.9336
0.16419,2.9375
0.1618,2.9414
0.15939,2.9453
0.15697,2.9492
0.15454,2.9531
0.1521,2.957
0.14966,2.9609
0.14721,2.9648
0.14476,2.9688
0.1423,2.9727
0.13985,2.9766
0.13739,2.9805
0.13494,2.9844
0.13249,2.9883
0.13005,2.9922
0.12761,2.9961
0.12518,3
0.12277,3.0039
0.12036,3.0078
0.11796,3.0117
0.11557,3.0156
0.1132,3.0195
0.11084,3.0234
0.1085,3.0273
0.10617,3.0313
0.10386,3.0352
0.10156,3.0391
0.09929,3.043
0.097034,3.0469
0.094797,3.0508
0.092581,3.0547
0.090387,3.0586
0.088213,3.0625
0.086062,3.0664
0.083934,3.0703
0.081829,3.0742
0.079747,3.0781
0.077689,3.082
0.075656,3.0859
0.073648,3.0898
0.071665,3.0938
0.069707,3.0977
0.067776,3.1016
0.06587,3.1055
0.06399,3.1094
0.062137,3.1133
0.060311,3.1172
0.058512,3.1211
0.05674,3.125
0.054994,3.1289
0.053276,3.1328
0.051586,3.1367
0.049923,3.1406
0.048287,3.1445
0.046679,3.1484
0.045098,3.1523
0.043545,3.1563
0.04202,3.1602
0.040522,3.1641
0.039051,3.168
0.037608,3.1719
0.036192,3.1758
0.034803,3.1797
0.033441,3.1836
0.032106,3.1875
0.030798,3.1914
0.029517,3.1953
0.028262,3.1992
0.027034,3.2031
0.025832,3.207
0.024656,3.2109
0.023506,3.2148
0.022381,3.2188
0.021282,3.2227
0.020208,3.2266
0.019159,3.2305
0.018135,3.2344
0.017135,3.2383
0.016159,3.2422
0.015208,3.2461
0.01428,3.25
0.013376,3.2539
0.012495,3.2578
0.011636,3.2617
0.010801,3.2656
0.0099878,3.2695
0.0091967,3.2734
0.0084275,3.2773
0.0076797,3.2813
0.0069532,3.2852
0.0062475,3.2891
0.0055625,3.293
0.0048977,3.2969
0.004253,3.3008
0.0036279,3.3047
0.0030222,3.3086
0.0024355,3.3125
0.0018676,3.3164
0.0013181,3.3203
0.00078675,3.3242
0.00027319,3.3281
-0.00022288,3.332
-0.00070178,3.3359
-0.0011638,3.3398
-0.0016093,3.3438
-0.0020386,3.3477
-0.0024519,3.3516
-0.0028497,3.3555
-0.0032322,3.3594
-0.0035996,3.3633
-0.0039525,3.3672
-0.0042909,3.3711
-0.0046153,3.375
-0.004926,3.3789
-0.0052232,3.3828
-0.0055073,3.3867
-0.0057785,3.3906
-0.0060372,3.3945
-0.0062836,3.3984
-0.0065181,3.4023
-0.0067409,3.4063
-0.0069524,3.4102
-0.0071528,3.4141
-0.0073423,3.418
-0.0075214,3.4219
-0.0076902,3.4258
-0.0078491,3.4297
-0.0079982,3.4336
-0.008138,3.4375
-0.0082686,3.4414
-0.0083903,3.4453
-0.0085034,3.4492
-0.0086081,3.4531
-0.0087047,3.457
-0.0087934,3.4609
-0.0088746,3.4648
-0.0089484,3.4688
-0.0090151,3.4727
-0.0090748,3.4766
-0.009128,3.4805
-0.0091747,3.4844
-0.0092153,3.4883
-0.0092499,3.4922
-0.0092788,3.4961
-0.0093022,3.5
-0.0093203,3.5039
-0.0093333,3.5078
-0.0093414,3.5117
-0.0093449,3.5156
-0.0093439,3.5195
-0.0093387,3.5234
-0.0093294,3.5273
-0.0093162,3.5313
-0.0092994,3.5352
-0.0092791,3.5391
-0.0092554,3.543
-0.0092286,3.5469
-0.0091989,3.5508
-0.0091663,3.5547
-0.0091312,3.5586
-0.0090936,3.5625
-0.0090537,3.5664
-0.0090117,3.5703
-0.0089678,3.5742
-0.008922,3.5781
-0.0088745,3.582
-0.0088256,3.5859
-0.0087752,3.5898
-0.0087236,3.5938
-0.0086709,3.5977
-0.0086172,3.6016
-0.0085628,3.6055
-0.0085075,3.6094
-0.0084517,3.6133
-0.0083955,3.6172
-0.0083389,3.6211
-0.008282,3.625
-0.0082251,3.6289
-0.0081681,3.6328
-0.0081112,3.6367
-0.0080545,3.6406
-0.0079982,3.6445
-0.0079422,3.6484
-0.0078867,3.6523
-0.0078318,3.6563
-0.0077775,3.6602
-0.007724,3.6641
-0.0076714,3.668
-0.0076196,3.6719
-0.0075689,3.6758
-0.0075192,3.6797
-0.0074707,3.6836
-0.0074234,3.6875
-0.0073773,3.6914
-0.0073326,3.6953
-0.0072893,3.6992
-0.0072475,3.7031
-0.0072071,3.707
-0.0071684,3.7109
-0.0071312,3.7148
-0.0070957,3.7188
-0.007062,3.7227
-0.0070299,3.7266
-0.0069997,3.7305
-0.0069713,3.7344
-0.0069448,3.7383
-0.0069202,3.7422
-0.0068975,3.7461
-0.0068767,3.75
-0.0068579,3.7539
-0.0068412,3.7578
-0.0068264,3.7617
-0.0068137,3.7656
-0.0068031,3.7695
-0.0067945,3.7734
-0.006788,3.7773
-0.0067836,3.7813
-0.0067812,3.7852
-0.006781,3.7891
-0.0067829,3.793
-0.0067868,3.7969
-0.0067928,3.8008
-0.0068009,3.8047
-0.0068111,3.8086
-0.0068233,3.8125
-0.0068376,3.8164
-0.0068539,3.8203
-0.0068722,3.8242
-0.0068925,3.8281
-0.0069147,3.832
-0.0069389,3.8359
-0.006965,3.8398
-0.0069929,3.8438
-0.0070227,3.8477
-0.0070542,3.8516
-0.0070876,3.8555
-0.0071226,3.8594
-0.0071593,3.8633
-0.0071976,3.8672
-0.0072375,3.8711
-0.007279,3.875
-0.0073219,3.8789
-0.0073661,3.8828
-0.0074118,3.8867
-0.0074587,3.8906
-0.0075068,3.8945
-0.0075561,3.8984
-0.0076065,3.9023
-0.0076578,3.9063
-0.0077101,3.9102
-0.0077633,3.9141
-0.0078172,3.918
-0.0078717,3.9219
-0.0079269,3.9258
-0.0079825,3.9297
-0.0080386,3.9336
-0.008095,3.9375
-0.0081516,3.9414
-0.0082082,3.9453
-0.0082649,3.9492
-0.0083215,3.9531
-0.0083779,3.957
-0.0084339,3.9609
-0.0084894,3.9648
-0.0085444,3.9688
-0.0085987,3.9727
-0.0086522,3.9766
-0.0087047,3.9805
-0.0087561,3.9844
-0.0088063,3.9883
-0.0088552,3.9922
-0.0089025,3.9961
-0.0089482,4
-0.0089921,4.0039
-0.009034,4.0078
-0.0090738,4.0117
-0.0091114,4.0156
-0.0091465,4.0195
-0.009179,4.0234
-0.0092088,4.0273
-0.0092356,4.0313
-0.0092593,4.0352
-0.0092797,4.0391
-0.0092967,4.043
-0.0093099,4.0469
-0.0093194,4.0508
-0.0093248,4.0547
-0.0093259,4.0586
-0.0093227,4.0625
-0.0093148,4.0664
-0.009302,4.0703
-0.0092842,4.0742
-0.0092611,4.0781
-0.0092326,4.082
-0.0091983,4.0859
-0.0091581,4.0898
-0.0091118,4.0938
-0.0090591,4.0977
-0.0089998,4.1016
-0.0089336,4.1055
-0.0088604,4.1094
-0.0087798,4.1133
-0.0086916,4.1172
-0.0085956,4.1211
-0.0084916,4.125
-0.0083792,4.1289
-0.0082582,4.1328
-0.0081284,4.1367
-0.0079895,4.1406
-0.0078411,4.1445
-0.0076832,4.1484
-0.0075153,4.1523
-0.0073372,4.1563
-0.0071486,4.1602
-0.0069492,4.1641
-0.0067388,4.168
-0.0065171,4.1719
-0.0062838,4.1758
-0.0060386,4.1797
-0.0057811,4.1836
-0.0055112,4.1875
-0.0052284,4.1914
-0.0049326,4.1953
-0.0046233,4.1992
-0.0043004,4.2031
-0.0039635,4.207
-0.0036122,4.2109
-0.0032463,4.2148
-0.0028655,4.2188
-0.0024695,4.2227
-0.0020579,4.2266
-0.0016304,4.2305
-0.0011868,4.2344
-0.00072666,4.2383
-0.00024973,4.2422
0.00024432,4.2461
0.0007558,4.25
0.001285,4.2539
0.0018323,4.2578
0.002398,4.2617
0.0029824,4.2656
0.0035857,4.2695
0.0042084,4.2734
0.0048507,4.2773
0.0055129,4.2813
0.0061954,4.2852
0.0068984,4.2891
0.0076222,4.293
0.0083672,4.2969
0.0091336,4.3008
0.0099218,4.3047
0.010732,4.3086
0.011564,4.3125
0.01242,4.3164
0.013297,4.3203
0.014199,4.3242
0.015123,4.3281
0.016071,4.332
0.017043,4.3359
0.01804,4.3398
0.019061,4.3438
0.020106,4.3477
0.021176,4.3516
0.022272,4.3555
0.023393,4.3594
0.024539,4.3633
0.025711,4.3672
0.02691,4.3711
0.028134,4.375
0.029384,4.3789
0.030662,4.3828
0.031965,4.3867
0.033296,4.3906
0.034653,4.3945
0.036038,4.3984
0.037449,4.4023
0.038888,4.4063
0.040354,4.4102
0.041848,4.4141
0.043369,4.418
0.044917,4.4219
0.046493,4.4258
0.048096,4.4297
0.049727,4.4336
0.051385,4.4375
0.05307,4.4414
0.054783,4.4453
0.056523,4.4492
0.05829,4.4531
0.060085,4.457
0.061906,4.4609
0.063753,4.4648
0.065627,4.4688
0.067528,4.4727
0.069454,4.4766
0.071406,4.4805
0.073384,4.4844
0.075387,4.4883
0.077414,4.4922
0.079466,4.4961
0.081542,4.5
0.083642,4.5039
0.085765,4.5078
0.08791,4.5117
0.090078,4.5156
0.092267,4.5195
0.094477,4.5234
0.096708,4.5273
0.098958,4.5313
0.10123,4.5352
0.10352,4.5391
0.10582,4.543
0.10814,4.5469
0.11048,4.5508
0.11283,4.5547
0.1152,4.5586
0.11758,4.5625
0.11997,4.5664
0.12238,4.5703
0.12479,4.5742
0.12722,4.5781
0.12965,4.582
0.13208,4.5859
0.13453,4.5898
0.13697,4.5938
0.13942,4.5977
0.14187,4.6016
0.14432,4.6055
0.14677,4.6094
0.14922,4.6133
0.15166,4.6172
0.15409,4.6211
0.15652,4.625
0.15893,4.6289
0.16133,4.6328
0.16372,4.6367
0.1661,4.6406
0.16845,4.6445
0.17079,4.6484
0.1731,4.6523
0.17539,4.6563
0.17765,4.6602
0.17989,4.6641
0.18209,4.668
0.18426,4.6719
0.18639,4.6758
0.18848,4.6797
0.19054,4.6836
0.19255,4.6875
0.19451,4.6914
0.19642,4.6953
0.19828,4.6992
0.20008,4.7031
0.20182,4.707
0.20351,4.7109
0.20512,4.7148
0.20667,4.7188
0.20815,4.7227
0.20955,4.7266
0.21087,4.7305
0.21211,4.7344
0.21326,4.7383
0.21432,4.7422
0.21529,4.7461
0.21617,4.75
0.21694,4.7539
0.2176,4.7578
0.21815,4.7617
0.21859,4.7656
0.21892,4.7695
0.21912,4.7734
0.21919,4.7773
0.21913,4.7813
0.21893,4.7852
0.2186,4.7891
0.21811,4.793
0.21748,4.7969
0.21669,4.8008
0.21574,4.8047
0.21462,4.8086
0.21334,4.8125
0.21187,4.8164
0.21023,4.8203
0.2084,4.8242
0.20637,4.8281
0.20415,4.832
0.20173,4.8359
0.19909,4.8398
0.19624,4.8438
0.19317,4.8477
0.18987,4.8516
0.18634,4.8555
0.18257,4.8594
0.17856,4.8633
0.17429,4.8672
0.16977,4.8711
0.16498,4.875
0.15993,4.8789
0.15459,4.8828
0.14897,4.8867
0.14307,4.8906
0.13687,4.8945
0.13036,4.8984
0.12354,4.9023
0.11641,4.9063
0.10896,4.9102
0.10117,4.9141
0.093049,4.918
0.084582,4.9219
0.075765,4.9258
0.06659,4.9297
0.05705,4.9336
0.047138,4.9375
0.036847,4.9414
0.026171,4.9453
0.0151,4.9492
0.0036301,4.9531
-0.0082475,4.957
-0.02054,4.9609
-0.033253,4.9648
-0.046396,4.9688
-0.059974,4.9727
-0.073995,4.9766
-0.088466,4.9805
-0.10339,4.9844
-0.11878,4.9883
-0.13465,4.9922
-0.15099,4.9961
-0.16781,5
-0.18513,5.0039
-0.20294,5.0078
-0.22126,5.0117
-0.24009,5.0156
-0.25944,5.0195
-0.27931,5.0234
-0.29972,5.0273
-0.32066,5.0313
-0.34214,5.0352
-0.36417,5.0391
-0.38676,5.043
-0.40991,5.0469
-0.43362,5.0508
-0.45791,5.0547
-0.48277,5.0586
-0.50821,5.0625
-0.53425,5.0664
-0.56087,5.0703
-0.58809,5.0742
-0.61592,5.0781
-0.64434,5.082
-0.67338,5.0859
-0.70303,5.0898
-0.73329,5.0938
-0.76418,5.0977
-0.79568,5.1016
-0.82782,5.1055
-0.86058,5.1094
-0.89397,5.1133
-0.92799,5.1172
-0.96264,5.1211
-0.99793,5.125
-1.0338,5.1289
-1.0704,5.1328
-1.1076,5.1367
-1.1454,5.1406
-1.1839,5.1445
-1.223,5.1484
-1.2627,5.1523
-1.3031,5.1563
-1.344,5.1602
-1.3856,5.1641
-1.4279,5.168
-1.4707,5.1719
-1.5141,5.1758
-1.5582,5.1797
-1.6029,5.1836
-1.6481,5.1875
-1.694,5.1914
-1.7404,5.1953
-1.7874,5.1992
-1.8349,5.2031
-1.883,5.207
-1.9317,5.2109
-1.9809,5.2148
-2.0306,5.2188
-2.0808,5.2227
-2.1316,5.2266
-2.1828,5.2305
-2.2345,5.2344
-2.2866,5.2383
-2.3392,5.2422
-2.3922,5.2461
-2.4456,5.25
-2.4994,5.2539
-2.5535,5.2578
-2.608,5.2617
-2.6629,5.2656
-2.718,5.2695
-2.7734,5.2734
-2.8291,5.2773
-2.885,5.2813
-2.9411,5.2852
-2.9974,5.2891
-3.0539,5.293
-3.1104,5.2969
-3.1671,5.3008
-3.2238,5.3047
-3.2806,5.3086
4.6627,5.3125
4.606,5.3164
4.5494,5.3203
4.4929,5.3242
4.4365,5.3281
4.3803,5.332
4.3242,5.3359
4.2684,5.3398
4.2128,5.3438
4.1575,5.3477
4.1025,5.3516
4.0478,5.3555
3.9934,5.3594
-4.0607,5.3633
-4.1144,5.3672
-4.1678,5.3711
-4.2208,5.375
3.7266,5.3789
3.6745,5.3828
3.6228,5.3867
3.5715,5.3906
3.5208,5.3945
3.4705,5.3984
3.4207,5.4023
3.3714,5.4063
3.3227,5.4102
3.2745,5.4141
3.2269,5.418
3.1798,5.4219
3.1333,5.4258
-4.9127,5.4297
-4.958,5.4336
-5.0028,5.4375
2.953,5.4414
2.9094,5.4453
2.8664,5.4492
2.824,5.4531
2.7822,5.457
2.7411,5.4609
2.7006,5.4648
2.6607,5.4688
2.6215,5.4727
2.5829,5.4766
2.545,5.4805
2.5077,5.4844
2.471,5.4883
2.435,5.4922
-5.6004,5.4961
-5.6352,5.5
-5.6693,5.5039
2.2972,5.5078
2.2643,5.5117
2.2321,5.5156
2.2005,5.5195
2.1695,5.5234
2.1392,5.5273
2.1095,5.5313
2.0804,5.5352
2.0519,5.5391
2.0241,5.543
1.9969,5.5469
1.9703,5.5508
1.9443,5.5547
1.9189,5.5586
-6.1059,5.5625
-6.1302,5.5664
-6.1538,5.5703
1.8231,5.5742
1.8006,5.5781
1.7787,5.582
1.7573,5.5859
1.7365,5.5898
1.7162,5.5938
1.6965,5.5977
1.6774,5.6016
1.6588,5.6055
1.6407,5.6094
1.6231,5.6133
1.6061,5.6172
1.5896,5.6211
1.5735,5.625
-6.442,5.6289
-6.4571,5.6328
-6.4716,5.6367
1.5143,5.6406
1.5006,5.6445
1.4874,5.6484
1.4747,5.6523
1.4624,5.6563
1.4506,5.6602
1.4392,5.6641
1.4283,5.668
1.4177,5.6719
1.4076,5.6758
1.3979,5.6797
1.3886,5.6836
1.3797,5.6875
1.3712,5.6914
-6.6369,5.6953
-6.6447,5.6992
-6.6521,5.7031
1.3408,5.707
1.3341,5.7109
1.3277,5.7148
1.3217,5.7188
1.316,5.7227
1.3106,5.7266
1.3055,5.7305
1.3008,5.7344
1.2964,5.7383
1.2922,5.7422
1.2884,5.7461
1.2849,5.75
1.2816,5.7539
1.2786,5.7578
-6.7241,5.7617
-6.7266,5.7656
-6.7288,5.7695
1.2692,5.7734
1.2674,5.7773
1.2659,5.7813
1.2646,5.7852
1.2635,5.7891
1.2626,5.793
1.262,5.7969
1.2616,5.8008
1.2613,5.8047
1.2613,5.8086
1.2615,5.8125
1.2618,5.8164
1.2623,5.8203
1.263,5.8242
-6.7361,5.8281
-6.7351,5.832
-6.734,5.8359
1.2673,5.8398
1.2688,5.8438
1.2703,5.8477
1.272,5.8516
1.2739,5.8555
1.2758,5.8594
1.2779,5.8633
1.2801,5.8672
1.2824,5.8711
1.2848,5.875
1.2874,5.8789
1.29,5.8828
1.2927,5.8867
1.2955,5.8906
-6.7017,5.8945
-6.6987,5.8984
-6.6957,5.9023
1.3073,5.9063
1.3104,5.9102
1.3136,5.9141
1.3168,5.918
1.3201,5.9219
1.3234,5.9258
1.3268,5.9297
1.3302,5.9336
1.3336,5.9375
1.3371,5.9414
1.3406,5.9453
1.3441,5.9492
1.3477,5.9531
1.3512,5.957
-6.6453,5.9609
-6.6417,5.9648
-6.6382,5.9688
1.3653,5.9727
1.3688,5.9766
1.3723,5.9805
1.3758,5.9844
1.3792,5.9883
1.3827,5.9922
1.3861,5.9961
1.3894,6
1.3928,6.0039
1.3961,6.0078
1.3993,6.0117
1.4026,6.0156
1.4057,6.0195
-6.5912,6.0234
-6.5881,6.0273
-6.5852,6.0313
-6.5823,6.0352
1.4206,6.0391
1.4233,6.043
1.426,6.0469
1.4287,6.0508
1.4312,6.0547
1.4337,6.0586
1.4361,6.0625
1.4385,6.0664
1.4408,6.0703
1.4431,6.0742
1.4452,6.0781
1.4473,6.082
1.4493,6.0859
-6.5487,6.0898
-6.5469,6.0938
-6.5451,6.0977
-6.5434,6.1016
1.4582,6.1055
1.4597,6.1094
1.4612,6.1133
1.4626,6.1172
1.4639,6.1211
1.4652,6.125
1.4664,6.1289
1.4676,6.1328
1.4687,6.1367
1.4697,6.1406
1.4707,6.1445
1.4717,6.1484
1.4726,6.1523
-6.5266,6.1563
-6.5258,6.1602
-6.5251,6.1641
1.4756,6.168
1.4763,6.1719
1.4769,6.1758
1.4774,6.1797
1.478,6.1836
1.4785,6.1875
1.479,6.1914
1.4794,6.1953
1.4798,6.1992
1.4803,6.2031
1.4806,6.207
1.481,6.2109
1.4814,6.2148
1.4817,6.2188
-6.518,6.2227
-6.5177,6.2266
-6.5174,6.2305
1.4828,6.2344
1.483,6.2383
1.4833,6.2422
1.4835,6.2461
1.4837,6.25
1.4839,6.2539
1.4841,6.2578
1.4843,6.2617
1.4845,6.2656
1.4847,6.2695
1.4849,6.2734
1.4852,6.2773
1.4854,6.2813
1.4856,6.2852
-6.5141,6.2891
-6.5139,6.293
-6.5136,6.2969
1.4866,6.3008
1.4868,6.3047
1.4871,6.3086
1.4874,6.3125
1.4877,6.3164
1.488,6.3203
1.4883,6.3242
1.4886,6.3281
1.489,6.332
1.4894,6.3359
1.4898,6.3398
1.4903,6.3438
1.4907,6.3477
1.4912,6.3516
-6.5083,6.3555
-6.5078,6.3594
-6.5073,6.3633
1.4933,6.3672
1.4939,6.3711
1.4945,6.375
1.4951,6.3789
1.4957,6.3828
1.4964,6.3867
1.4971,6.3906
1.4978,6.3945
1.4986,6.3984
1.4994,6.4023
1.5003,6.4063
1.5011,6.4102
1.502,6.4141
1.503,6.418
-6.4961,6.4219
-6.4951,6.4258
-6.4941,6.4297
1.5069,6.4336
1.508,6.4375
1.5091,6.4414
1.5102,6.4453
1.5113,6.4492
1.5125,6.4531
1.5137,6.457
1.5149,6.4609
1.5162,6.4648
1.5175,6.4688
1.5189,6.4727
1.5203,6.4766
1.5217,6.4805
1.5231,6.4844
-6.4754,6.4883
-6.474,6.4922
-6.4725,6.4961
1.5291,6.5
1.5306,6.5039
1.5322,6.5078
1.5337,6.5117
1.5353,6.5156
1.537,6.5195
1.5386,6.5234
1.5403,6.5273
1.542,6.5313
1.5438,6.5352
1.5456,6.5391
1.5473,6.543
1.5491,6.5469
1.5509,6.5508
-6.4472,6.5547
-6.4454,6.5586
-6.4436,6.5625
1.5583,6.5664
1.5601,6.5703
1.5619,6.5742
1.5638,6.5781
1.5656,6.582
1.5675,6.5859
1.5694,6.5898
1.5712,6.5938
1.5731,6.5977
1.575,6.6016
1.5768,6.6055
1.5787,6.6094
1.5806,6.6133
1.5824,6.6172
-6.4158,6.6211
-6.414,6.625
-6.4122,6.6289
1.5895,6.6328
1.5912,6.6367
1.5929,6.6406
1.5946,6.6445
1.5962,6.6484
1.5978,6.6523
1.5994,6.6563
1.6009,6.6602
1.6024,6.6641
1.6039,6.668
1.6053,6.6719
1.6066,6.6758
1.6079,6.6797
-6.3908,6.6836
-6.3896,6.6875
-6.3885,6.6914
-6.3875,6.6953
1.6135,6.6992
1.6144,6.7031
1.6152,6.707
1.616,6.7109
1.6167,6.7148
1.6174,6.7188
1.618,6.7227
1.6185,6.7266
1.619,6.7305
1.6194,6.7344
1.6197,6.7383
1.6199,6.7422
1.6201,6.7461
-6.3798,6.75
-6.3798,6.7539
-6.3798,6.7578
-6.38,6.7617
1.6198,6.7656
1.6195,6.7695
1.6191,6.7734
1.6186,6.7773
1.6181,6.7813
1.6175,6.7852
1.6168,6.7891
1.6161,6.793
1.6153,6.7969
1.6145,6.8008
1.6136,6.8047
1.6126,6.8086
1.6115,6.8125
-6.3896,6.8164
-6.3908,6.8203
-6.392,6.8242
-6.3934,6.8281
1.6052,6.832
1.6037,6.8359
1.6022,6.8398
1.6006,6.8438
1.599,6.8477
1.5973,6.8516
1.5956,6.8555
1.5939,6.8594
1.5921,6.8633
1.5903,6.8672
1.5885,6.8711
1.5866,6.875
1.5847,6.8789
-6.4173,6.8828
-6.4193,6.8867
-6.4213,6.8906
1.5767,6.8945
1.5746,6.8984
1.5725,6.9023
1.5704,6.9063
1.5683,6.9102
1.5662,6.9141
1.5641,6.918
1.562,6.9219
1.5599,6.9258
1.5577,6.9297
1.5556,6.9336
1.5535,6.9375
1.5514,6.9414
1.5492,6.9453
-6.4529,6.9492
-6.455,6.9531
-6.4572,6.957
1.5407,6.9609
1.5386,6.9648
1.5365,6.9688
1.5343,6.9727
1.5322,6.9766
1.5301,6.9805
1.5281,6.9844
1.526,6.9883
1.524,6.9922
1.522,6.9961
1.52,7
1.518,7.0039
1.5161,7.0078
1.5141,7.0117
-6.4878,7.0156
-6.4897,7.0195
-6.4916,7.0234
1.5065,7.0273
1.5047,7.0313
1.5028,7.0352
1.501,7.0391
1.4992,7.043
1.4974,7.0469
1.4956,7.0508
1.4939,7.0547
1.4922,7.0586
1.4906,7.0625
1.4889,7.0664
1.4873,7.0703
1.4857,7.0742
1.4842,7.0781
-6.5174,7.082
-6.5189,7.0859
-6.5204,7.0898
1.4781,7.0938
1.4766,7.0977
1.4752,7.1016
1.4738,7.1055
1.4723,7.1094
1.471,7.1133
1.4696,7.1172
1.4683,7.1211
1.467,7.125
1.4658,7.1289
1.4645,7.1328
1.4633,7.1367
1.4622,7.1406
1.461,7.1445
-6.5402,7.1484
-6.5413,7.1523
-6.5424,7.1563
1.4565,7.1602
1.4554,7.1641
1.4543,7.168
1.4533,7.1719
1.4523,7.1758
1.4513,7.1797
1.4503,7.1836
1.4493,7.1875
1.4484,7.1914
1.4475,7.1953
1.4466,7.1992
1.4457,7.2031
1.4448,7.207
1.444,7.2109
-6.5568,7.2148
-6.5577,7.2188
-6.5585,7.2227
1.4407,7.2266
1.4399,7.2305
1.4391,7.2344
1.4383,7.2383
1.4375,7.2422
1.4368,7.2461
1.436,7.25
1.4353,7.2539
1.4346,7.2578
1.4339,7.2617
1.4332,7.2656
1.4325,7.2695
1.4318,7.2734
1.4311,7.2773
-6.5696,7.2813
-6.5703,7.2852
-6.571,7.2891
1.4283,7.293
1.4276,7.2969
1.4269,7.3008
1.4262,7.3047
1.4255,7.3086
1.4248,7.3125
1.4241,7.3164
1.4234,7.3203
1.4227,7.3242
1.422,7.3281
1.4213,7.332
1.4206,7.3359
1.4199,7.3398
1.4192,7.3438
-6.5815,7.3477
-6.5823,7.3516
-6.583,7.3555
1.4162,7.3594
1.4154,7.3633
1.4145,7.3672
1.4137,7.3711
1.4129,7.375
1.412,7.3789
1.4111,7.3828
1.4102,7.3867
1.4094,7.3906
1.4084,7.3945
1.4075,7.3984
1.4066,7.4023
1.4056,7.4063
1.4046,7.4102
-6.5964,7.4141
-6.5974,7.418
-6.5985,7.4219
1.4004,7.4258
1.3992,7.4297
1.3981,7.4336
1.3969,7.4375
1.3957,7.4414
1.3944,7.4453
1.3931,7.4492
1.3918,7.4531
1.3905,7.457
1.3892,7.4609
1.3878,7.4648
1.3864,7.4688
1.3849,7.4727
1.3835,7.4766
-6.6181,7.4805
-6.6196,7.4844
-6.6212,7.4883
1.3771,7.4922
1.3754,7.4961
1.3737,7.5
1.3719,7.5039
1.3701,7.5078
1.3682,7.5117
1.3664,7.5156
1.3644,7.5195
1.3625,7.5234
1.3605,7.5273
1.3584,7.5313
1.3564,7.5352
1.3542,7.5391
-6.6479,7.543
-6.6502,7.5469
-6.6524,7.5508
-6.6547,7.5547
1.3429,7.5586
1.3405,7.5625
1.3381,7.5664
1.3356,7.5703
1.3331,7.5742
1.3306,7.5781
1.3281,7.582
1.3255,7.5859
1.323,7.5898
1.3204,7.5938
1.3178,7.5977
1.3153,7.6016
1.3127,7.6055
-6.6899,7.6094
-6.6925,7.6133
-6.6951,7.6172
1.3023,7.6211
1.2998,7.625
1.2972,7.6289
1.2947,7.6328
1.2922,7.6367
1.2897,7.6406
1.2872,7.6445
1.2849,7.6484
1.2825,7.6523
1.2802,7.6563
1.278,7.6602
1.2758,7.6641
1.2737,7.668
1.2716,7.6719
-6.7304,7.6758
-6.7324,7.6797
-6.7342,7.6836
1.2639,7.6875
1.2622,7.6914
1.2606,7.6953
1.259,7.6992
1.2576,7.7031
1.2562,7.707
1.255,7.7109
1.2538,7.7148
1.2528,7.7188
1.2519,7.7227
1.2512,7.7266
1.2506,7.7305
1.2501,7.7344
1.2497,7.7383
-6.7505,7.7422
-6.7505,7.7461
-6.7505,7.75
1.2498,7.7539
1.2502,7.7578
1.2507,7.7617
1.2515,7.7656
1.2524,7.7695
1.2535,7.7734
1.2548,7.7773
1.2563,7.7813
1.2581,7.7852
1.26,7.7891
1.2622,7.793
1.2646,7.7969
1.2672,7.8008
1.27,7.8047
-6.7269,7.8086
-6.7236,7.8125
-6.72,7.8164
1.2838,7.8203
1.2879,7.8242
1.2923,7.8281
1.2969,7.832
1.3018,7.8359
1.307,7.8398
1.3125,7.8438
1.3183,7.8477
1.3245,7.8516
1.3309,7.8555
1.3377,7.8594
1.3448,7.8633
1.3523,7.8672
1.3601,7.8711
-6.6318,7.875
-6.6233,7.8789
-6.6144,7.8828
1.3948,7.8867
1.4044,7.8906
1.4143,7.8945
1.4247,7.8984
1.4355,7.9023
1.4466,7.9063
1.4582,7.9102
1.4702,7.9141
1.4827,7.918
1.4955,7.9219
1.5088,7.9258
1.5226,7.9297
1.5368,7.9336
1.5515,7.9375
-6.4334,7.9414
-6.4178,7.9453
-6.4017,7.9492
1.6148,7.9531
1.6319,7.957
1.6494,7.9609
1.6674,7.9648
1.686,7.9688
1.705,7.9727
1.7246,7.9766
1.7447,7.9805
1.7654,7.9844
1.7866,7.9883
1.8083,7.9922
1.8306,7.9961
1.8535,8
1.8769,8.0039
-6.0992,8.0078
-6.0746,8.0117
-6.0496,8.0156
1.9761,8.0195
2.0023,8.0234
2.0292,8.0273
2.0566,8.0313
2.0846,8.0352
2.1132,8.0391
2.1424,8.043
2.1722,8.0469
2.2026,8.0508
2.2336,8.0547
2.2653,8.0586
2.2975,8.0625
2.3304,8.0664
2.3639,8.0703
-5.602,8.0742
-5.5673,8.0781
-5.532,8.082
2.5038,8.0859
2.5404,8.0898
2.5775,8.0938
2.6152,8.0977
2.6535,8.1016
2.6924,8.1055
2.732,8.1094
2.7721,8.1133
2.8129,8.1172
2.8542,8.1211
2.8961,8.125
2.9386,8.1289
2.9817,8.1328
-4.9746,8.1367
-4.9304,8.1406
-4.8857,8.1445
-4.8404,8.1484
3.2054,8.1523
3.2518,8.1563
3.2986,8.1602
3.346,8.1641
3.394,8.168
3.4424,8.1719
3.4913,8.1758
3.5407,8.1797
3.5906,8.1836
3.641,8.1875
3.6918,8.1914
3.743,8.1953
3.7946,8.1992
-4.1533,8.2031
-4.1009,8.207
-4.0481,8.2109
-3.9949,8.2148
4.0585,8.2188
4.1123,8.2227
4.1664,8.2266
4.2208,8.2305
4.2754,8.2344
4.3303,8.2383
4.3854,8.2422
4.4407,8.2461
4.4962,8.25
4.5519,8.2539
4.6077,8.2578
4.6635,8.2617
4.7195,8.2656
-3.2245,8.2695
-3.1686,8.2734
-3.1126,8.2773
-3.0568,8.2813
-3.001,8.2852
-2.9453,8.2891
-2.8899,8.293
-2.8345,8.2969
-2.7794,8.3008
-2.7246,8.3047
-2.67,8.3086
-2.6156,8.3125
-2.5616,8.3164
-2.5079,8.3203
-2.4546,8.3242
-2.4016,8.3281
-2.349,8.332
-2.2968,8.3359
-2.245,8.3398
-2.1937,8.3438
-2.1428,8.3477
-2.0924,8.3516
-2.0424,8.3555
-1.993,8.3594
-1.9441,8.3633
-1.8956,8.3672
-1.8477,8.3711
-1.8004,8.375
-1.7536,8.3789
-1.7074,8.3828
-1.6617,8.3867
-1.6166,8.3906
-1.5721,8.3945
-1.5281,8.3984
-1.4848,8.4023
-1.4421,8.4063
-1.3999,8.4102
-1.3584,8.4141
-1.3175,8.418
-1.2772,8.4219
-1.2375,8.4258
-1.1985,8.4297
-1.16,8.4336
-1.1222,8.4375
-1.085,8.4414
-1.0485,8.4453
-1.0125,8.4492
-0.97724,8.4531
-0.94256,8.457
-0.9085,8.4609
-0.87507,8.4648
-0.84226,8.4688
-0.81008,8.4727
-0.77851,8.4766
-0.74755,8.4805
-0.71721,8.4844
-0.68748,8.4883
-0.65836,8.4922
-0.62984,8.4961
-0.60192,8.5
-0.5746,8.5039
-0.54787,8.5078
-0.52173,8.5117
-0.49616,8.5156
-0.47118,8.5195
-0.44677,8.5234
-0.42293,8.5273
-0.39966,8.5313
-0.37693,8.5352
-0.35477,8.5391
-0.33314,8.543
-0.31206,8.5469
-0.29152,8.5508
-0.2715,8.5547
-0.252,8.5586
-0.23302,8.5625
-0.21455,8.5664
-0.19658,8.5703
-0.17911,8.5742
-0.16213,8.5781
-0.14563,8.582
-0.12961,8.5859
-0.11405,8.5898
-0.098966,8.5938
-0.084333,8.5977
-0.07015,8.6016
-0.056409,8.6055
-0.043103,8.6094
-0.030226,8.6133
-0.01777,8.6172
-0.0057287,8.6211
0.0059053,8.625
0.017139,8.6289
0.027979,8.6328
0.038433,8.6367
0.048508,8.6406
0.05821,8.6445
0.067546,8.6484
0.076525,8.6523
0.085151,8.6563
0.093433,8.6602
0.10138,8.6641
0.10899,8.668
0.11628,8.6719
0.12325,8.6758
0.12991,8.6797
0.13627,8.6836
0.14233,8.6875
0.14809,8.6914
0.15358,8.6953
0.15878,8.6992
0.16372,8.7031
0.16838,8.707
0.17279,8.7109
0.17695,8.7148
0.18086,8.7188
0.18453,8.7227
0.18797,8.7266
0.19117,8.7305
0.19416,8.7344
0.19693,8.7383
0.19948,8.7422
0.20183,8.7461
0.20399,8.75
0.20594,8.7539
0.20771,8.7578
0.2093,8.7617
0.21071,8.7656
0.21194,8.7695
0.21301,8.7734
0.21391,8.7773
0.21466,8.7813
0.21526,8.7852
0.2157,8.7891
0.21601,8.793
0.21617,8.7969
0.21621,8.8008
0.21611,8.8047
0.21589,8.8086
0.21555,8.8125
0.21509,8.8164
0.21452,8.8203
0.21384,8.8242
0.21306,8.8281
0.21218,8.832
0.21121,8.8359
0.21014,8.8398
0.20899,8.8438
0.20775,8.8477
0.20643,8.8516
0.20503,8.8555
0.20356,8.8594
0.20202,8.8633
0.20041,8.8672
0.19874,8.8711
0.19701,8.875
0.19522,8.8789
0.19338,8.8828
0.19148,8.8867
0.18954,8.8906
0.18755,8.8945
0.18551,8.8984
0.18344,8.9023
0.18133,8.9063
0.17918,8.9102
0.17701,8.9141
0.1748,8.918
0.17256,8.9219
0.1703,8.9258
0.16801,8.9297
0.1657,8.9336
0.16338,8.9375
0.16103,8.9414
0.15867,8.9453
0.1563,8.9492
0.15392,8.9531
0.15152,8.957
0.14912,8.9609
0.14671,8.9648
0.1443,8.9688
0.14188,8.9727
0.13947,8.9766
0.13705,8.9805
0.13464,8.9844
0.13222,8.9883
0.12982,8.9922
0.12741,8.9961
0.12502,9
0.12263,9.0039
0.12025,9.0078
0.11788,9.0117
0.11552,9.0156
0.11318,9.0195
0.11085,9.0234
0.10853,9.0273
0.10623,9.0313
0.10394,9.0352
0.10167,9.0391
0.099417,9.043
0.097182,9.0469
0.094967,9.0508
0.092771,9.0547
0.090595,9.0586
0.08844,9.0625
0.086307,9.0664
0.084195,9.0703
0.082106,9.0742
0.08004,9.0781
0.077997,9.082
0.075978,9.0859
0.073984,9.0898
0.072013,9.0938
0.070068,9.0977
0.068148,9.1016
0.066253,9.1055
0.064384,9.1094
0.062541,9.1133
0.060724,9.1172
0.058933,9.1211
0.057169,9.125
0.055431,9.1289
0.053721,9.1328
0.052037,9.1367
0.05038,9.1406
0.04875,9.1445
0.047147,9.1484
0.045571,9.1523
0.044022,9.1563
0.042501,9.1602
0.041006,9.1641
0.039538,9.168
0.038098,9.1719
0.036684,9.1758
0.035297,9.1797
0.033937,9.1836
0.032603,9.1875
0.031296,9.1914
0.030015,9.1953
0.028761,9.1992
0.027532,9.2031
0.02633,9.207
0.025153,9.2109
0.024002,9.2148
0.022876,9.2188
0.021775,9.2227
0.020699,9.2266
0.019648,9.2305
0.018622,9.2344
0.017619,9.2383
0.016641,9.2422
0.015687,9.2461
0.014756,9.25
0.013848,9.2539
0.012963,9.2578
0.012101,9.2617
0.011262,9.2656
0.010445,9.2695
0.0096493,9.2734
0.0088756,9.2773
0.0081233,9.2813
0.0073919,9.2852
0.0066814,9.2891
0.0059913,9.293
0.0053214,9.2969
0.0046713,9.3008
0.0040408,9.3047
0.0034295,9.3086
0.0028372,9.3125
0.0022635,9.3164
0.0017081,9.3203
0.0011707,9.3242
0.00065111,9.3281
0.00014886,9.332
-0.0003363,9.3359
-0.00080469,9.3398
-0.0012566,9.3438
-0.0016924,9.3477
-0.0021123,9.3516
-0.0025167,9.3555
-0.0029059,9.3594
-0.0032801,9.3633
-0.0036398,9.3672
-0.0039851,9.3711
-0.0043165,9.375
-0.0046341,9.3789
-0.0049384,9.3828
-0.0052296,9.3867
-0.0055079,9.3906
-0.0057738,9.3945
-0.0060275,9.3984
-0.0062692,9.4023
-0.0064993,9.4063
-0.0067181,9.4102
-0.0069259,9.4141
-0.0071228,9.418
-0.0073093,9.4219
-0.0074856,9.4258
-0.0076519,9.4297
-0.0078086,9.4336
-0.0079558,9.4375
-0.008094,9.4414
-0.0082232,9.4453
-0.0083439,9.4492
-0.0084562,9.4531
-0.0085605,9.457
-0.0086569,9.4609
-0.0087457,9.4648
-0.0088272,9.4688
-0.0089015,9.4727
-0.008969,9.4766
-0.0090299,9.4805
-0.0090844,9.4844
-0.0091327,9.4883
-0.009175,9.4922
-0.0092117,9.4961
-0.0092428,9.5
-0.0092687,9.5039
-0.0092895,9.5078
-0.0093055,9.5117
-0.0093168,9.5156
-0.0093236,9.5195
-0.0093262,9.5234
-0.0093247,9.5273
-0.0093194,9.5313
-0.0093104,9.5352
-0.0092979,9.5391
-0.0092821,9.543
-0.0092632,9.5469
-0.0092413,9.5508
-0.0092166,9.5547
-0.0091894,9.5586
-0.0091597,9.5625
-0.0091277,9.5664
-0.0090935,9.5703
-0.0090574,9.5742
-0.0090195,9.5781
-0.00898,9.582
-0.0089389,9.5859
-0.0088964,9.5898
-0.0088527,9.5938
-0.0088079,9.5977
-0.0087621,9.6016
-0.0087155,9.6055
-0.0086681,9.6094
-0.0086202,9.6133
-0.0085718,9.6172
-0.008523,9.6211
-0.008474,9.625
-0.0084248,9.6289
-0.0083757,9.6328
-0.0083266,9.6367
-0.0082777,9.6406
-0.0082291,9.6445
-0.0081809,9.6484
-0.0081331,9.6523
-0.0080859,9.6563
-0.0080393,9.6602
-0.0079935,9.6641
-0.0079484,9.668
-0.0079043,9.6719
-0.0078611,9.6758
-0.007819,9.6797
-0.007778,9.6836
-0.0077381,9.6875
-0.0076995,9.6914
-0.0076621,9.6953
-0.0076261,9.6992
-0.0075916,9.7031
-0.0075585,9.707
-0.0075269,9.7109
-0.0074968,9.7148
-0.0074684,9.7188
-0.0074416,9.7227
-0.0074164,9.7266
-0.007393,9.7305
-0.0073714,9.7344
-0.0073515,9.7383
-0.0073335,9.7422
-0.0073172,9.7461
-0.0073029,9.75
-0.0072904,9.7539
-0.0072798,9.7578
-0.0072711,9.7617
-0.0072644,9.7656
-0.0072595,9.7695
-0.0072566,9.7734
-0.0072557,9.7773
-0.0072567,9.7813
-0.0072596,9.7852
-0.0072645,9.7891
-0.0072713,9.793
-0.00728,9.7969
-0.0072907,9.8008
-0.0073032,9.8047
-0.0073177,9.8086
-0.0073339,9.8125
-0.0073521,9.8164
-0.007372,9.8203
-0.0073937,9.8242
-0.0074172,9.8281
-0.0074424,9.832
-0.0074693,9.8359
-0.0074979,9.8398
-0.007528,9.8438
-0.0075597,9.8477
-0.007593,9.8516
-0.0076277,9.8555
-0.0076638,9.8594
-0.0077013,9.8633
-0.0077401,9.8672
-0.0077801,9.8711
-0.0078213,9.875
-0.0078637,9.8789
-0.0079071,9.8828
-0.0079514,9.8867
-0.0079967,9.8906
-0.0080427,9.8945
-0.0080896,9.8984
-0.008137,9.9023
-0.0081851,9.9063
-0.0082336,9.9102
-0.0082826,9.9141
-0.0083318,9.918
-0.0083812,9.9219
-0.0084307,9.9258
-0.0084803,9.9297
-0.0085297,9.9336
-0.0085788,9.9375
-0.0086277,9.9414
-0.0086761,9.9453
-0.0087239,9.9492
-0.008771,9.9531
-0.0088173,9.957
-0.0088626,9.9609
-0.0089069,9.9648
-0.00895,9.9688
-0.0089916,9.9727
-0.0090318,9.9766
-0.0090704,9.9805
-0.0091071,9.9844
-0.0091419,9.9883
-0.0091746,9.9922
-0.0092051,9.9961
-0.0092331,10
-0.0092585,10.004
-0.0092812,10.008
-0.0093009,10.012
-0.0093176,10.016
-0.009331,10.02
-0.0093409,10.023
-0.0093471,10.027
-0.0093496,10.031
-0.0093479,10.035
-0.0093421,10.039
-0.0093319,10.043
-0.009317,10.047
-0.0092973,10.051
-0.0092725,10.055
-0.0092425,10.059
-0.009207,10.063
-0.0091659,10.066
-0.0091188,10.07
-0.0090656,10.074
-0.009006,10.078
-0.0089399,10.082
-0.0088669,10.086
-0.0087868,10.09
-0.0086994,10.094
-0.0086044,10.098
-0.0085017,10.102
-0.0083909,10.105
-0.0082717,10.109
-0.008144,10.113
-0.0080075,10.117
-0.0078618,10.121
-0.0077068,10.125
-0.0075422,10.129
-0.0073676,10.133
-0.0071829,10.137
-0.0069877,10.141
-0.0067818,10.145
-0.0065649,10.148
-0.0063366,10.152
-0.0060968,10.156
-0.005845,10.16
-0.0055811,10.164
-0.0053048,10.168
-0.0050156,10.172
-0.0047134,10.176
-0.0043978,10.18
-0.0040686,10.184
-0.0037254,10.188
-0.0033679,10.191
-0.0029958,10.195
-0.0026088,10.199
-0.0022067,10.203
-0.001789,10.207
-0.0013555,10.211
-0.00090593,10.215
-0.00043988,10.219
4.2927e-05,10.223
0.00054279,10.227
0.00106,10.23
0.001595,10.234
0.0021479,10.238
0.0027191,10.242
0.003309,10.246
0.0039178,10.25
0.0045458,10.254
0.0051933,10.258
0.0058607,10.262
0.0065483,10.266
0.0072563,10.27
0.007985,10.273
0.0087348,10.277
0.0095059,10.281
0.010299,10.285
0.011113,10.289
0.01195,10.293
0.01281,10.297
0.013692,10.301
0.014597,10.305
0.015525,10.309
0.016477,10.313
0.017453,10.316
0.018452,10.32
0.019476,10.324
0.020525,10.328
0.021598,10.332
0.022696,10.336
0.02382,10.34
0.024969,10.344
0.026143,10.348
0.027343,10.352
0.028569,10.355
0.029821,10.359
0.0311,10.363
0.032405,10.367
0.033736,10.371
0.035094,10.375
0.036479,10.379
0.03789,10.383
0.039329,10.387
0.040795,10.391
0.042287,10.395
0.043807,10.398
0.045354,10.402
0.046928,10.406
0.048529,10.41
0.050158,10.414
0.051813,10.418
0.053496,10.422
0.055205,10.426
0.056941,10.43
0.058704,10.434
0.060494,10.438
0.06231,10.441
0.064152,10.445
0.066021,10.449
0.067915,10.453
0.069835,10.457
0.07178,10.461
0.07375,10.465
0.075744,10.469
0.077763,10.473
0.079806,10.477
0.081873,10.48
0.083962,10.484
0.086074,10.488
0.088208,10.492
0.090364,10.496
0.092541,10.5
0.094738,10.504
0.096955,10.508
0.099191,10.512
0.10145,10.516
0.10372,10.52
0.10601,10.523
0.10831,10.527
0.11063,10.531
0.11297,10.535
0.11532,10.539
0.11768,10.543
0.12005,10.547
0.12243,10.551
0.12482,10.555
0.12723,10.559
0.12963,10.563
0.13205,10.566
0.13446,10.57
0.13688,10.574
0.13931,10.578
0.14173,10.582
0.14415,10.586
0.14657,10.59
0.14899,10.594
0.15139,10.598
0.1538,10.602
0.15619,10.605
0.15857,10.609
0.16094,10.613
0.16329,10.617
0.16563,10.621
0.16795,10.625
0.17024,10.629
0.17252,10.633
0.17476,10.637
0.17699,10.641
0.17918,10.645
0.18134,10.648
0.18346,10.652
0.18555,10.656
0.18759,10.66
0.1896,10.664
0.19155,10.668
0.19347,10.672
0.19533,10.676
0.19713,10.68
0.19888,10.684
0.20057,10.688
0.20219,10.691
0.20375,10.695
0.20524,10.699
0.20666,10.703
0.208,10.707
0.20926,10.711
0.21043,10.715
0.21152,10.719
0.21252,10.723
0.21342,10.727
0.21422,10.73
0.21493,10.734
0.21552,10.738
0.216,10.742
0.21637,10.746
0.21662,10.75
0.21674,10.754
0.21674,10.758
0.2166,10.762
0.21632,10.766
0.2159,10.77
0.21534,10.773
0.21462,10.777
0.21375,10.781
0.21272,10.785
0.21151,10.789
0.21014,10.793
0.20859,10.797
0.20685,10.801
0.20493,10.805
0.20282,10.809
0.2005,10.813
0.19798,10.816
0.19525,10.82
0.19231,10.824
0.18914,10.828
0.18574,10.832
0.18212,10.836
0.17825,10.84
0.17413,10.844
0.16977,10.848
0.16514,10.852
0.16025,10.855
0.15509,10.859
0.14965,10.863
0.14393,10.867
0.13792,10.871
0.13161,10.875
0.125,10.879
0.11808,10.883
0.11084,10.887
0.10327,10.891
0.095381,10.895
0.08715,10.898
0.078576,10.902
0.06965,10.906
0.060366,10.91
0.050718,10.914
0.040697,10.918
0.030298,10.922
0.019513,10.926
0.0083351,10.93
-0.0032428,10.934
-0.015228,10.938
-0.027626,10.941
-0.040446,10.945
-0.053694,10.949
-0.067377,10.953
-0.081502,10.957
-0.096075,10.961
-0.1111,10.965
-0.1266,10.969
-0.14256,10.973
-0.159,10.977
-0.17592,10.98
-0.19333,10.984
-0.21124,10.988
-0.22965,10.992
-0.24857,10.996
-0.268,11
-0.28796,11.004
-0.30845,11.008
-0.32947,11.012
-0.35103,11.016
-0.37314,11.02
-0.3958,11.023
-0.41902,11.027
-0.4428,11.031
-0.46715,11.035
-0.49207,11.039
-0.51757,11.043
-0.54366,11.047
-0.57033,11.051
-0.5976,11.055
-0.62546,11.059
-0.65392,11.063
-0.68299,11.066
-0.71267,11.07
-0.74295,11.074
-0.77385,11.078
-0.80537,11.082
-0.83751,11.086
-0.87027,11.09
-0.90365,11.094
-0.93766,11.098
-0.9723,11.102
-1.0076,11.105
-1.0434,11.109
-1.08,11.113
-1.1171,11.117
-1.1549,11.121
-1.1933,11.125
-1.2323,11.129
-1.272,11.133
-1.3122,11.137
-1.3531,11.141
-1.3946,11.145
-1.4367,11.148
-1.4794,11.152
-1.5228,11.156
-1.5667,11.16
-1.6112,11.164
-1.6563,11.168
-1.7019,11.172
-1.7482,11.176
-1.795,11.18
-1.8423,11.184
-1.8902,11.188
-1.9386,11.191
-1.9876,11.195
-2.0371,11.199
-2.087,11.203
-2.1375,11.207
-2.1884,11.211
-2.2397,11.215
-2.2916,11.219
-2.3438,11.223
-2.3964,11.227
-2.4495,11.23
-2.5029,11.234
-2.5566,11.238
-2.6107,11.242
-2.6651,11.246
-2.7198,11.25
-2.7748,11.254
-2.83,11.258
-2.8854,11.262
-2.941,11.266
-2.9968,11.27
-3.0526,11.273
-3.1086,11.277
-3.1647,11.281
-3.2208,11.285
4.7231,11.289
4.667,11.293
4.611,11.297
4.555,11.301
4.4992,11.305
4.4435,11.309
4.388,11.313
4.3327,11.316
4.2776,11.32
4.2227,11.324
4.1681,11.328
4.1138,11.332
4.0598,11.336
4.0061,11.34
-4.0474,11.344
-4.1004,11.348
-4.1531,11.352
3.7945,11.355
3.7425,11.359
3.6909,11.363
3.6397,11.367
3.589,11.371
3.5386,11.375
3.4887,11.379
3.4393,11.383
3.3903,11.387
3.3418,11.391
3.2937,11.395
3.2461,11.398
3.199,11.402
-4.8477,11.406
-4.8939,11.41
-4.9396,11.414
-4.9848,11.418
2.9705,11.422
2.9262,11.426
2.8825,11.43
2.8392,11.434
2.7964,11.438
2.7542,11.441
2.7125,11.445
2.6713,11.449
2.6305,11.453
2.5903,11.457
2.5506,11.461
2.5115,11.465
2.4728,11.469
-5.5654,11.473
-5.6031,11.477
-5.6403,11.48
-5.6771,11.484
2.2867,11.488
2.2509,11.492
2.2157,11.496
2.1809,11.5
2.1466,11.504
2.1128,11.508
2.0795,11.512
2.0467,11.516
2.0143,11.52
1.9825,11.523
1.9511,11.527
1.9201,11.531
1.8897,11.535
-6.1403,11.539
-6.1699,11.543
-6.199,11.547
1.7723,11.551
1.7441,11.555
1.7163,11.559
1.689,11.563
1.662,11.566
1.6356,11.57
1.6095,11.574
1.5838,11.578
1.5586,11.582
1.5338,11.586
1.5094,11.59
1.4854,11.594
1.4618,11.598
1.4385,11.602
-6.5843,11.605
-6.6068,11.609
-6.6289,11.613
1.3493,11.617
1.3279,11.621
1.3068,11.625
1.2861,11.629
1.2657,11.633
1.2457,11.637
1.226,11.641
1.2067,11.645
1.1877,11.648
1.169,11.652
1.1506,11.656
1.1326,11.66
1.1148,11.664
1.0974,11.668
-6.9198,11.672
-6.9367,11.676
-6.9532,11.68
1.0304,11.684
1.0144,11.688
0.99865,11.691
0.98316,11.695
0.96795,11.699
0.953,11.703
0.93833,11.707
0.92393,11.711
0.90978,11.715
0.8959,11.719
0.88228,11.723
0.86891,11.727
0.85579,11.73
0.84292,11.734
-7.1697,11.738
-7.1821,11.742
-7.1943,11.746
0.79381,11.75
0.78212,11.754
0.77067,11.758
0.75947,11.762
0.7485,11.766
0.73779,11.77
0.72731,11.773
0.71709,11.777
0.70711,11.781
0.69739,11.785
0.68791,11.789
0.67868,11.793
0.6697,11.797
0.66098,11.801
0.6525,11.805
0.64426,11.809
0.63628,11.813
0.62854,11.816
0.62104,11.82
0.61379,11.824
0.60677,11.828
0.6,11.832
0.59346,11.836
0.58715,11.84
0.58107,11.844
0.57522,11.848
0.56959,11.852
0.56418,11.855
0.55899,11.859
0.55401,11.863
0.54924,11.867
-7.4553,11.871
-7.4597,11.875
-7.4639,11.879
0.53216,11.883
0.5284,11.887
0.52484,11.891
0.52148,11.895
0.51834,11.898
0.51542,11.902
0.51271,11.906
0.51022,11.91
0.50795,11.914
0.5059,11.918
0.50408,11.922
0.50249,11.926
0.50113,11.93
0.49999,11.934
0.49909,11.938
0.49842,11.941
0.49799,11.945
0.49779,11.949
0.49782,11.953
0.49809,11.957
0.49859,11.961
0.49933,11.965
0.5003,11.969
0.5015,11.973
0.50294,11.977
0.50461,11.98
0.50651,11.984
0.50864,11.988
0.511,11.992
0.51359,11.996
0.5164,12
0.51944,12.004
0.5227,12.008
0.52618,12.012
0.52987,12.016
0.53378,12.02
0.5379,12.023
0.54222,12.027
0.54675,12.031
0.55149,12.035
0.55642,12.039
0.56154,12.043
0.56685,12.047
0.57235,12.051
0.57803,12.055
0.58389,12.059
0.58991,12.063
0.59611,12.066
0.60246,12.07
0.60897,12.074
0.61563,12.078
0.62243,12.082
0.62937,12.086
0.63644,12.09
0.64363,12.094
0.65095,12.098
-7.3416,12.102
-7.3341,12.105
-7.3265,12.109
0.68125,12.113
0.68907,12.117
0.69699,12.121
0.705,12.125
0.71312,12.129
0.72132,12.133
0.72963,12.137
0.73803,12.141
0.74653,12.145
0.75512,12.148
0.76379,12.152
0.77256,12.156
0.78142,12.16
0.79036,12.164
0.79938,12.168
0.80848,12.172
0.81765,12.176
0.82689,12.18
0.83621,12.184
0.84558,12.188
0.85502,12.191
0.8645,12.195
0.87404,12.199
0.88362,12.203
0.89323,12.207
0.90288,12.211
0.91255,12.215
0.92224,12.219
0.93193,12.223
0.94163,12.227
0.95133,12.23
-7.039,12.234
-7.0293,12.238
-7.0197,12.242
0.98992,12.246
0.99949,12.25
1.009,12.254
1.0185,12.258
1.028,12.262
1.0374,12.266
1.0468,12.27
1.0562,12.273
1.0655,12.277
1.0747,12.281
1.0839,12.285
1.0931,12.289
1.1021,12.293
1.1111,12.297
-6.88,12.301
-6.8711,12.305
-6.8624,12.309
1.1463,12.313
1.1549,12.316
1.1633,12.32
1.1718,12.324
1.1801,12.328
1.1883,12.332
1.1965,12.336
1.2045,12.34
1.2125,12.344
1.2204,12.348
1.2282,12.352
1.2359,12.355
1.2434,12.359
1.2509,12.363
-6.7417,12.367
-6.7344,12.371
-6.7273,12.375
1.2798,12.379
1.2867,12.383
1.2935,12.387
1.3002,12.391
1.3068,12.395
1.3133,12.398
1.3197,12.402
1.3259,12.406
1.3321,12.41
1.3381,12.414
1.3441,12.418
1.3499,12.422
1.3556,12.426
1.3612,12.43
-6.6333,12.434
-6.628,12.438
-6.6228,12.441
1.3823,12.445
1.3873,12.449
1.3921,12.453
1.3968,12.457
1.4014,12.461
1.4059,12.465
1.4103,12.469
1.4145,12.473
1.4186,12.477
1.4226,12.48
1.4265,12.484
1.4303,12.488
1.4339,12.492
-6.5626,12.496
-6.5592,12.5
-6.556,12.504
-6.5529,12.508
1.4501,12.512
1.453,12.516
1.4557,12.52
1.4583,12.523
1.4608,12.527
1.4633,12.531
1.4656,12.535
1.4678,12.539
1.4699,12.543
1.4719,12.547
1.4739,12.551
1.4757,12.555
1.4774,12.559
-6.5209,12.563
-6.5194,12.566
-6.5179,12.57
1.4835,12.574
1.4847,12.578
1.486,12.582
1.4871,12.586
1.4882,12.59
1.4892,12.594
1.4901,12.598
1.491,12.602
1.4918,12.605
1.4926,12.609
1.4933,12.613
1.494,12.617
1.4946,12.621
1.4952,12.625
-6.5043,12.629
-6.5038,12.633
-6.5034,12.637
1.4969,12.641
1.4972,12.645
1.4975,12.648
1.4977,12.652
1.4979,12.656
1.4981,12.66
1.4983,12.664
1.4984,12.668
1.4985,12.672
1.4986,12.676
1.4986,12.68
1.4987,12.684
1.4987,12.688
1.4987,12.691
-6.5013,12.695
-6.5013,12.699
-6.5014,12.703
1.4985,12.707
1.4984,12.711
1.4983,12.715
1.4982,12.719
1.4981,12.723
1.4979,12.727
1.4978,12.73
1.4977,12.734
1.4976,12.738
1.4975,12.742
1.4974,12.746
1.4973,12.75
1.4972,12.754
1.4971,12.758
-6.503,12.762
-6.5031,12.766
-6.5032,12.77
1.4967,12.773
1.4967,12.777
1.4966,12.781
1.4965,12.785
1.4965,12.789
1.4964,12.793
1.4964,12.797
1.4964,12.801
1.4964,12.805
1.4965,12.809
1.4966,12.813
1.4966,12.816
1.4968,12.82
1.4969,12.824
-6.503,12.828
-6.5028,12.832
-6.5027,12.836
1.4975,12.84
1.4977,12.844
1.4979,12.848
1.4981,12.852
1.4984,12.855
1.4987,12.859
1.499,12.863
1.4993,12.867
1.4997,12.871
1.5001,12.875
1.5005,12.879
1.501,12.883
1.5014,12.887
1.5019,12.891
-6.4975,12.895
-6.497,12.898
-6.4965,12.902
1.5041,12.906
1.5047,12.91
1.5053,12.914
1.5059,12.918
1.5066,12.922
1.5072,12.926
1.5079,12.93
1.5087,12.934
1.5094,12.938
1.5102,12.941
1.511,12.945
1.5119,12.949
1.5127,12.953
1.5136,12.957
-6.4855,12.961
-6.4846,12.965
-6.4837,12.969
1.5172,12.973
1.5181,12.977
1.5191,12.98
1.52,12.984
1.521,12.988
1.522,12.992
1.523,12.996
1.524,13
1.525,13.004
1.5261,13.008
1.5271,13.012
1.5282,13.016
1.5293,13.02
1.5304,13.023
-6.4686,13.027
-6.4675,13.031
-6.4664,13.035
1.5346,13.039
1.5357,13.043
1.5367,13.047
1.5378,13.051
1.5388,13.055
1.5398,13.059
1.5408,13.063
1.5419,13.066
1.5429,13.07
1.5439,13.074
1.5449,13.078
1.5458,13.082
1.5468,13.086
1.5477,13.09
-6.4514,13.094
-6.4506,13.098
-6.4497,13.102
1.551,13.105
1.5518,13.109
1.5525,13.113
1.5532,13.117
1.5538,13.121
1.5544,13.125
1.5549,13.129
1.5554,13.133
1.5559,13.137
1.5563,13.141
1.5567,13.145
1.557,13.148
1.5572,13.152
-6.4426,13.156
-6.4425,13.16
-6.4425,13.164
-6.4425,13.168
1.5574,13.172
1.5572,13.176
1.5569,13.18
1.5566,13.184
1.5562,13.188
1.5557,13.191
1.5552,13.195
1.5546,13.199
1.5539,13.203
1.5532,13.207
1.5524,13.211
1.5516,13.215
1.5506,13.219
-6.4504,13.223
-6.4515,13.227
-6.4526,13.23
-6.4539,13.234
1.5448,13.238
1.5434,13.242
1.5419,13.246
1.5404,13.25
1.5388,13.254
1.5371,13.258
1.5354,13.262
1.5337,13.266
1.5319,13.27
1.53,13.273
1.5281,13.277
1.5261,13.281
1.5241,13.285
-6.4779,13.289
-6.4801,13.293
-6.4822,13.297
1.5156,13.301
1.5133,13.305
1.511,13.309
1.5087,13.313
1.5063,13.316
1.5039,13.32
1.5015,13.324
1.499,13.328
1.4966,13.332
1.4941,13.336
1.4915,13.34
1.489,13.344
1.4864,13.348
1.4838,13.352
-6.5188,13.355
-6.5214,13.359
-6.5241,13.363
1.4732,13.367
1.4705,13.371
1.4678,13.375
1.465,13.379
1.4622,13.383
1.4595,13.387
1.4567,13.391
1.4539,13.395
1.4511,13.398
1.4483,13.402
1.4455,13.406
1.4427,13.41
1.4399,13.414
1.4371,13.418
-6.5657,13.422
-6.5686,13.426
-6.5714,13.43
1.4257,13.434
1.4229,13.438
1.42,13.441
1.4171,13.445
1.4143,13.449
1.4114,13.453
1.4086,13.457
1.4057,13.461
1.4029,13.465
1.4001,13.469
1.3973,13.473
1.3945,13.477
1.3917,13.48
1.3889,13.484
-6.6138,13.488
-6.6166,13.492
-6.6194,13.496
1.3779,13.5
1.3751,13.504
1.3724,13.508
1.3697,13.512
1.367,13.516
1.3643,13.52
1.3617,13.523
1.359,13.527
1.3564,13.531
1.3539,13.535
1.3513,13.539
1.3488,13.543
1.3463,13.547
1.3438,13.551
-6.6586,13.555
-6.6611,13.559
-6.6635,13.563
1.3341,13.566
1.3318,13.57
1.3295,13.574
1.3272,13.578
1.3249,13.582
1.3227,13.586
1.3206,13.59
1.3184,13.594
1.3164,13.598
1.3143,13.602
1.3124,13.605
1.3104,13.609
1.3086,13.613
1.3067,13.617
-6.695,13.621
-6.6968,13.625
-6.6985,13.629
1.2999,13.633
1.2983,13.637
1.2968,13.641
1.2953,13.645
1.2939,13.648
1.2926,13.652
1.2913,13.656
1.2902,13.66
1.2891,13.664
1.288,13.668
1.2871,13.672
1.2862,13.676
1.2855,13.68
1.2848,13.684
-6.7158,13.688
-6.7164,13.691
-6.7168,13.695
1.2828,13.699
1.2826,13.703
1.2824,13.707
1.2823,13.711
1.2824,13.715
1.2825,13.719
1.2828,13.723
1.2832,13.727
1.2837,13.73
1.2843,13.734
1.2851,13.738
1.286,13.742
1.287,13.746
1.2881,13.75
-6.7106,13.754
-6.7092,13.758
-6.7077,13.762
1.294,13.766
1.2958,13.77
1.2978,13.773
1.2999,13.777
1.3022,13.781
1.3047,13.785
1.3073,13.789
1.3101,13.793
1.313,13.797
1.3162,13.801
1.3195,13.805
1.3231,13.809
1.3268,13.813
1.3307,13.816
-6.6652,13.82
-6.6609,13.824
-6.6565,13.828
1.3482,13.832
1.3531,13.836
1.3582,13.84
1.3635,13.844
1.3691,13.848
1.3748,13.852
1.3808,13.855
1.3871,13.859
1.3936,13.863
1.4003,13.867
1.4073,13.871
1.4146,13.875
1.4221,13.879
-6.5701,13.883
-6.5621,13.887
-6.5538,13.891
-6.5452,13.895
1.4636,13.898
1.4727,13.902
1.4821,13.906
1.4919,13.91
1.5019,13.914
1.5123,13.918
1.523,13.922
1.534,13.926
1.5454,13.93
1.5572,13.934
1.5692,13.938
1.5817,13.941
1.5945,13.945
-6.3923,13.949
-6.3787,13.953
-6.3647,13.957
-6.3504,13.961
1.6643,13.965
1.6795,13.969
1.6951,13.973
1.7111,13.977
1.7276,13.98
1.7445,13.984
1.7618,13.988
1.7797,13.992
1.798,13.996
1.8169,14
1.8362,14.004
1.856,14.008
1.8763,14.012
-6.1028,14.016
-6.0814,14.02
-6.0595,14.023
1.9629,14.027
1.9859,14.031
2.0094,14.035
2.0335,14.039
2.0581,14.043
2.0834,14.047
2.1092,14.051
2.1356,14.055
2.1627,14.059
2.1903,14.063
2.2185,14.066
2.2474,14.07
2.2768,14.074
2.3069,14.078
-5.6624,14.082
-5.6311,14.086
-5.5991,14.09
2.4334,14.094
2.4666,14.098
2.5005,14.102
2.5349,14.105
2.5701,14.109
2.6058,14.113
2.6422,14.117
2.6793,14.121
2.717,14.125
2.7553,14.129
2.7943,14.133
2.834,14.137
2.8743,14.141
2.9152,14.145
-5.0433,14.148
-5.0011,14.152
-4.9584,14.156
3.085,14.16
3.129,14.164
3.1736,14.168
3.2188,14.172
3.2646,14.176
3.311,14.18
3.3579,14.184
3.4055,14.188
3.4536,14.191
3.5022,14.195
3.5514,14.199
3.6011,14.203
3.6513,14.207
3.7021,14.211
-4.2468,14.215
-4.1951,14.219
-4.143,14.223
3.9095,14.227
3.9624,14.23
4.0157,14.234
4.0694,14.238
4.1235,14.242
4.1778,14.246
4.2325,14.25
4.2875,14.254
4.3428,14.258
4.3982,14.262
4.4539,14.266
4.5098,14.27
4.5659,14.273
4.622,14.277
-3.3218,14.281
-3.2655,14.285
-3.2092,14.289
-3.1529,14.293
-3.0967,14.297
-3.0406,14.301
-2.9845,14.305
-2.9287,14.309
-2.873,14.313
-2.8174,14.316
-2.7622,14.32
-2.7071,14.324
-2.6524,14.328
-2.5979,14.332
-2.5438,14.336
-2.49,14.34
-2.4365,14.344
-2.3835,14.348
-2.3308,14.352
-2.2786,14.355
-2.2268,14.359
-2.1754,14.363
-2.1245,14.367
-2.0741,14.371
-2.0242,14.375
-1.9748,14.379
-1.9259,14.383
-1.8775,14.387
-1.8297,14.391
-1.7824,14.395
-1.7356,14.398
-1.6895,14.402
-1.6439,14.406
-1.5989,14.41
-1.5545,14.414
-1.5106,14.418
-1.4674,14.422
-1.4248,14.426
-1.3828,14.43
-1.3414,14.434
-1.3006,14.438
-1.2605,14.441
-1.2209,14.445
-1.182,14.449
-1.1437,14.453
-1.1061,14.457
-1.0691,14.461
-1.0327,14.465
-0.99693,14.469
-0.9618,14.473
-0.9273,14.477
-0.89343,14.48
-0.86019,14.484
-0.82756,14.488
-0.79557,14.492
-0.76419,14.496
-0.73343,14.5
-0.70328,14.504
-0.67375,14.508
-0.64483,14.512
-0.61651,14.516
-0.58879,14.52
-0.56167,14.523
-0.53514,14.527
-0.5092,14.531
-0.48384,14.535
-0.45906,14.539
-0.43486,14.543
-0.41122,14.547
-0.38815,14.551
-0.36563,14.555
-0.34367,14.559
-0.32225,14.563
-0.30137,14.566
-0.28103,14.57
-0.26121,14.574
-0.24191,14.578
-0.22313,14.582
-0.20486,14.586
-0.18709,14.59
-0.16982,14.594
-0.15303,14.598
-0.13673,14.602
-0.1209,14.605
-0.10554,14.609
-0.090639,14.613
-0.076194,14.617
-0.062198,14.621
-0.048642,14.625
-0.03552,14.629
-0.022824,14.633
-0.010549,14.637
0.0013148,14.641
0.012773,14.645
0.023832,14.648
0.0345,14.652
0.044784,14.656
0.05469,14.66
0.064226,14.664
0.073399,14.668
0.082215,14.672
0.090682,14.676
0.098807,14.68
0.1066,14.684
0.11406,14.688
0.12119,14.691
0.12802,14.695
0.13453,14.699
0.14074,14.703
0.14666,14.707
0.15229,14.711
0.15763,14.715
0.1627,14.719
0.1675,14.723
0.17204,14.727
0.17632,14.73
0.18036,14.734
0.18414,14.738
0.18769,14.742
0.19101,14.746
0.1941,14.75
0.19697,14.754
0.19962,14.758
0.20207,14.762
0.20431,14.766
0.20636,14.77
0.20821,14.773
0.20988,14.777
0.21137,14.781
0.21268,14.785
0.21382,14.789
0.21479,14.793
0.21561,14.797
0.21627,14.801
0.21678,14.805
0.21714,14.809
0.21736,14.813
0.21745,14.816
0.2174,14.82
0.21723,14.824
0.21693,14.828
0.21652,14.832
0.21599,14.836
0.21535,14.84
0.21461,14.844
0.21376,14.848
0.21282,14.852
0.21179,14.855
0.21066,14.859
0.20945,14.863
0.20815,14.867
0.20678,14.871
0.20533,14.875
0.20381,14.879
0.20222,14.883
0.20056,14.887
0.19884,14.891
0.19707,14.895
0.19523,14.898
0.19335,14.902
0.19141,14.906
0.18943,14.91
0.1874,14.914
0.18533,14.918
0.18323,14.922
0.18108,14.926
0.1789,14.93
0.17669,14.934
0.17445,14.938
0.17219,14.941
0.1699,14.945
0.16759,14.949
0.16525,14.953
0.1629,14.957
0.16054,14.961
0.15816,14.965
0.15576,14.969
0.15336,14.973
0.15095,14.977
0.14853,14.98
0.1461,14.984
0.14368,14.988
0.14125,14.992
0.13882,14.996
0.13639,15
0.13396,15.004
0.13154,15.008
0.12912,15.012
0.12671,15.016
0.1243,15.02
0.1219,15.023
0.11952,15.027
0.11714,15.031
0.11478,15.035
0.11243,15.039
0.11009,15.043
0.10777,15.047
0.10546,15.051
0.10317,15.055
0.1009,15.059
0.098648,15.063
0.096413,15.066
0.094196,15.07
0.092,15.074
0.089825,15.078
0.087671,15.082
0.085539,15.086
0.083429,15.09
0.081342,15.094
0.079279,15.098
0.077239,15.102
0.075223,15.105
0.073232,15.109
0.071266,15.113
0.069325,15.117
0.067409,15.121
0.065519,15.125
0.063656,15.129
0.061818,15.133
0.060007,15.137
0.058222,15.141
0.056464,15.145
0.054733,15.148
0.053029,15.152
0.051352,15.156
0.049702,15.16
0.048079,15.164
0.046484,15.168
0.044916,15.172
0.043375,15.176
0.041861,15.18
0.040374,15.184
0.038915,15.188
0.037482,15.191
0.036077,15.195
0.034698,15.199
0.033347,15.203
0.032022,15.207
0.030723,15.211
0.029451,15.215
0.028205,15.219
0.026986,15.223
0.025792,15.227
0.024624,15.23
0.023482,15.234
0.022365,15.238
0.021273,15.242
0.020206,15.246
0.019164,15.25
0.018146,15.254
0.017153,15.258
0.016183,15.262
0.015237,15.266
0.014315,15.27
0.013416,15.273
0.01254,15.277
0.011687,15.281
0.010856,15.285
0.010047,15.289
0.0092604,15.293
0.0084951,15.297
0.007751,15.301
0.0070279,15.305
0.0063255,15.309
0.0056435,15.313
0.0049815,15.316
0.0043393,15.32
0.0037165,15.324
0.0031129,15.328
0.0025282,15.332
0.0019619,15.336
0.0014139,15.34
0.00088383,15.344
0.00037132,15.348
-0.00012391,15.352
-0.00060218,15.355
-0.0010638,15.359
-0.0015091,15.363
-0.0019383,15.367
-0.0023519,15.371
-0.00275,15.375
-0.0031331,15.379
-0.0035013,15.383
-0.0038551,15.387
-0.0041948,15.391
-0.0045206,15.395
-0.0048328,15.398
-0.0051318,15.402
-0.0054178,15.406
-0.0056912,15.41
-0.0059522,15.414
-0.0062012,15.418
-0.0064384,15.422
-0.0066641,15.426
-0.0068787,15.43
-0.0070823,15.434
-0.0072753,15.438
-0.007458,15.441
-0.0076307,15.445
-0.0077936,15.449
-0.0079469,15.453
-0.0080911,15.457
-0.0082262,15.461
-0.0083527,15.465
-0.0084707,15.469
-0.0085805,15.473
-0.0086824,15.477
-0.0087766,15.48
-0.0088634,15.484
-0.008943,15.488
-0.0090157,15.492
-0.0090817,15.496
-0.0091412,15.5
-0.0091945,15.504
-0.0092417,15.508
-0.0092832,15.512
-0.0093192,15.516
-0.0093498,15.52
-0.0093753,15.523
-0.0093959,15.527
-0.0094118,15.531
-0.0094232,15.535
-0.0094303,15.539
-0.0094333,15.543
-0.0094324,15.547
-0.0094279,15.551
-0.0094198,15.555
-0.0094084,15.559
-0.0093938,15.563
-0.0093763,15.566
-0.009356,15.57
-0.009333,15.574
-0.0093076,15.578
-0.00928,15.582
-0.0092502,15.586
-0.0092184,15.59
-0.0091848,15.594
-0.0091496,15.598
-0.0091128,15.602
-0.0090747,15.605
-0.0090354,15.609
-0.0089949,15.613
-0.0089535,15.617
-0.0089113,15.621
-0.0088684,15.625
-0.0088249,15.629
-0.008781,15.633
-0.0087368,15.637
-0.0086923,15.641
-0.0086477,15.645
-0.0086032,15.648
-0.0085587,15.652
-0.0085145,15.656
-0.0084706,15.66
-0.0084271,15.664
-0.0083842,15.668
-0.0083418,15.672
-0.0083001,15.676
-0.0082592,15.68
-0.0082191,15.684
-0.0081799,15.688
-0.0081418,15.691
-0.0081047,15.695
-0.0080688,15.699
-0.0080341,15.703
-0.0080007,15.707
-0.0079687,15.711
-0.007938,15.715
-0.0079088,15.719
-0.0078811,15.723
-0.0078549,15.727
-0.0078303,15.73
-0.0078074,15.734
-0.0077862,15.738
-0.0077667,15.742
-0.0077489,15.746
-0.007733,15.75
-0.0077188,15.754
-0.0077065,15.758
-0.0076961,15.762
-0.0076876,15.766
-0.0076809,15.77
-0.0076762,15.773
-0.0076735,15.777
-0.0076727,15.781
-0.0076738,15.785
-0.0076769,15.789
-0.007682,15.793
-0.007689,15.797
-0.007698,15.801
-0.0077089,15.805
-0.0077218,15.809
-0.0077365,15.813
-0.0077532,15.816
-0.0077718,15.82
-0.0077923,15.824
-0.0078146,15.828
-0.0078387,15.832
-0.0078647,15.836
-0.0078923,15.84
-0.0079218,15.844
-0.0079529,15.848
-0.0079856,15.852
-0.0080199,15.855
-0.0080559,15.859
-0.0080933,15.863
-0.0081321,15.867
-0.0081724,15.871
-0.008214,15.875
-0.0082569,15.879
-0.008301,15.883
-0.0083462,15.887
-0.0083925,15.891
-0.0084399,15.895
-0.0084881,15.898
-0.0085372,15.902
-0.0085871,15.906
-0.0086377,15.91
-0.0086888,15.914
-0.0087404,15.918
-0.0087925,15.922
-0.0088448,15.926
-0.0088974,15.93
-0.0089501,15.934
-0.0090027,15.938
-0.0090552,15.941
-0.0091075,15.945
-0.0091595,15.949
-0.009211,15.953
-0.0092619,15.957
-0.009312,15.961
-0.0093613,15.965
-0.0094097,15.969
-0.0094569,15.973
-0.0095028,15.977
-0.0095473,15.98
-0.0095903,15.984
-0.0096315,15.988
-0.0096709,15.992
-0.0097083,15.996
-0.0097434,16
-0.0097763,16.004
-0.0098066,16.008
-0.0098342,16.012
-0.0098589,16.016
-0.0098806,16.02
-0.0098991,16.023
-0.0099141,16.027
-0.0099255,16.031
-0.0099332,16.035
-0.0099368,16.039
-0.0099362,16.043
-0.0099312,16.047
-0.0099216,16.051
-0.0099072,16.055
-0.0098877,16.059
-0.009863,16.063
-0.0098328,16.066
-0.0097969,16.07
-0.009755,16.074
-0.0097069,16.078
-0.0096525,16.082
-0.0095914,16.086
-0.0095234,16.09
-0.0094482,16.094
-0.0093657,16.098
-0.0092755,16.102
-0.0091774,16.105
-0.0090711,16.109
-0.0089564,16.113
-0.0088329,16.117
-0.0087006,16.121
-0.0085589,16.125
-0.0084078,16.129
-0.0082468,16.133
-0.0080758,16.137
-0.0078943,16.141
-0.0077022,16.145
-0.0074992,16.148
-0.0072849,16.152
-0.007059,16.156
-0.0068213,16.16
-0.0065715,16.164
-0.0063091,16.168
-0.006034,16.172
-0.0057459,16.176
-0.0054443,16.18
-0.0051291,16.184
-0.0047998,16.188
-0.0044562,16.191
-0.0040979,16.195
-0.0037246,16.199
-0.003336,16.203
-0.0029318,16.207
-0.0025117,16.211
-0.0020753,16.215
-0.0016222,16.219
-0.0011522,16.223
-0.00066497,16.227
-0.00016012,16.23
0.00036265,16.234
0.00090369,16.238
0.0014633,16.242
0.0020418,16.246
0.0026396,16.25
0.003257,16.254
0.0038942,16.258
0.0045517,16.262
0.0052297,16.266
0.0059286,16.27
0.0066487,16.273
0.0073903,16.277
0.0081537,16.281
0.0089393,16.285
0.0097473,16.289
0.010578,16.293
0.011432,16.297
0.012309,16.301
0.01321,16.305
0.014135,16.309
0.015084,16.313
0.016057,16.316
0.017056,16.32
0.018079,16.324
0.019128,16.328
0.020202,16.332
0.021303,16.336
0.022429,16.34
0.023582,16.344
0.024761,16.348
0.025967,16.352
0.027199,16.355
0.028459,16.359
0.029747,16.363
0.031062,16.367
0.032404,16.371
0.033775,16.375
0.035174,16.379
0.0366,16.383
0.038055,16.387
0.039539,16.391
0.04105,16.395
0.042591,16.398
0.04416,16.402
0.045757,16.406
0.047384,16.41
0.049039,16.414
0.050723,16.418
0.052435,16.422
0.054176,16.426
0.055946,16.43
0.057744,16.434
0.059571,16.438
0.061426,16.441
0.063309,16.445
0.06522,16.449
0.067159,16.453
0.069126,16.457
0.07112,16.461
0.073142,16.465
0.07519,16.469
0.077264,16.473
0.079365,16.477
0.081492,16.48
0.083644,16.484
0.085821,16.488
0.088023,16.492
0.090249,16.496
0.092498,16.5
0.094771,16.504
0.097065,16.508
0.099382,16.512
0.10172,16.516
0.10408,16.52
0.10646,16.523
0.10885,16.527
0.11127,16.531
0.1137,16.535
0.11615,16.539
0.11862,16.543
0.1211,16.547
0.12359,16.551
0.12609,16.555
0.12861,16.559
0.13114,16.563
0.13367,16.566
0.13622,16.57
0.13877,16.574
0.14132,16.578
0.14388,16.582
0.14645,16.586
0.14901,16.59
0.15157,16.594
0.15413,16.598
0.15669,16.602
0.15924,16.605
0.16178,16.609
0.16432,16.613
0.16684,16.617
0.16935,16.621
0.17185,16.625
0.17432,16.629
0.17678,16.633
0.17922,16.637
0.18164,16.641
0.18402,16.645
0.18638,16.648
0.18871,16.652
0.19101,16.656
0.19327,16.66
0.19549,16.664
0.19767,16.668
0.19981,16.672
0.2019,16.676
0.20394,16.68
0.20592,16.684
0.20786,16.688
0.20973,16.691
0.21154,16.695
0.21328,16.699
0.21495,16.703
0.21656,16.707
0.21808,16.711
0.21953,16.715
0.22089,16.719
0.22217,16.723
0.22335,16.727
0.22444,16.73
0.22543,16.734
0.22632,16.738
0.2271,16.742
0.22777,16.746
0.22832,16.75
0.22876,16.754
0.22907,16.758
0.22924,16.762
0.22929,16.766
0.22919,16.77
0.22895,16.773
0.22857,16.777
0.22803,16.781
0.22733,16.785
0.22646,16.789
0.22543,16.793
0.22422,16.797
0.22283,16.801
0.22126,16.805
0.2195,16.809
0.21753,16.813
0.21537,16.816
0.213,16.82
0.21041,16.824
0.2076,16.828
0.20457,16.832
0.20131,16.836
0.1978,16.84
0.19405,16.844
0.19005,16.848
0.18579,16.852
0.18127,16.855
0.17647,16.859
0.1714,16.863
0.16605,16.867
0.1604,16.871
0.15446,16.875
0.14821,16.879
0.14165,16.883
0.13477,16.887
0.12757,16.891
0.12003,16.895
0.11215,16.898
0.10393,16.902
0.09535,16.906
0.08641,16.91
0.077102,16.914
0.067418,16.918
0.057351,16.922
0.046893,16.926
0.036037,16.93
0.024775,16.934
0.0131,16.938
0.0010051,16.941
-0.011518,16.945
-0.024476,16.949
-0.037877,16.953
-0.051728,16.957
-0.066036,16.961
-0.080809,16.965
-0.096055,16.969
-0.11178,16.973
-0.12799,16.977
-0.1447,16.98
-0.16191,16.984
-0.17962,16.988
-0.19785,16.992
-0.21661,16.996
-0.23589,17
-0.25571,17.004
-0.27608,17.008
-0.29699,17.012
-0.31846,17.016
-0.34049,17.02
-0.3631,17.023
-0.38628,17.027
-0.41004,17.031
-0.43438,17.035
-0.45933,17.039
-0.48487,17.043
-0.51101,17.047
-0.53777,17.051
-0.56514,17.055
-0.59314,17.059
-0.62175,17.063
-0.651,17.066
-0.68088,17.07
-0.7114,17.074
-0.74256,17.078
-0.77437,17.082
-0.80682,17.086
-0.83993,17.09
-0.87369,17.094
-0.90811,17.098
-0.94319,17.102
-0.97893,17.105
-1.0153,17.109
-1.0524,17.113
-1.0901,17.117
-1.1285,17.121
-1.1676,17.125
-1.2073,17.129
-1.2477,17.133
-1.2887,17.137
-1.3304,17.141
-1.3728,17.145
-1.4158,17.148
-1.4595,17.152
-1.5038,17.156
-1.5487,17.16
-1.5943,17.164
-1.6406,17.168
-1.6874,17.172
-1.7349,17.176
-1.783,17.18
-1.8317,17.184
-1.881,17.188
-1.9309,17.191
-1.9813,17.195
-2.0323,17.199
-2.0839,17.203
-2.1361,17.207
-2.1887,17.211
-2.2419,17.215
-2.2956,17.219
-2.3497,17.223
-2.4044,17.227
-2.4595,17.23
-2.515,17.234
-2.571,17.238
-2.6273,17.242
-2.6841,17.246
-2.7412,17.25
-2.7986,17.254
-2.8564,17.258
-2.9144,17.262
-2.9727,17.266
-3.0312,17.27
-3.09,17.273
-3.1489,17.277
-3.208,17.281
-3.2672,17.285
-3.3265,17.289
-3.3858,17.293
4.5548,17.297
4.4955,17.301
4.4362,17.305
4.377,17.309
4.3179,17.313
4.2589,17.316
4.2001,17.32
4.1415,17.324
4.0831,17.328
4.025,17.332
3.9671,17.336
3.9095,17.34
3.8522,17.344
3.7952,17.348
-4.2614,17.352
-4.3177,17.355
-4.3736,17.359
3.5708,17.363
3.5157,17.367
3.461,17.371
3.4067,17.375
3.3528,17.379
3.2995,17.383
3.2466,17.387
3.1942,17.391
3.1423,17.395
3.0909,17.398
3.0401,17.402
2.9897,17.406
2.9399,17.41
2.8906,17.414
-5.1581,17.418
-5.2063,17.422
-5.2539,17.426
2.699,17.43
2.6525,17.434
2.6066,17.438
2.5612,17.441
2.5164,17.445
2.4722,17.449
2.4286,17.453
2.3856,17.457
2.3432,17.461
2.3013,17.465
2.2601,17.469
2.2195,17.473
2.1794,17.477
2.14,17.48
-5.8989,17.484
-5.9371,17.488
-5.9748,17.492
1.9881,17.496
1.9516,17.5
1.9157,17.504
1.8804,17.508
1.8456,17.512
1.8115,17.516
1.7779,17.52
1.745,17.523
1.7126,17.527
1.6808,17.531
1.6496,17.535
1.6189,17.539
1.5889,17.543
1.5594,17.547
-6.4696,17.551
-6.498,17.555
-6.5258,17.559
1.4469,17.563
1.4202,17.566
1.394,17.57
1.3684,17.574
1.3433,17.578
1.3187,17.582
1.2947,17.586
1.2713,17.59
1.2484,17.594
1.226,17.598
1.2042,17.602
1.1829,17.605
1.1621,17.609
1.1418,17.613
-6.8779,17.617
-6.8971,17.621
-6.9159,17.625
1.0659,17.629
1.0482,17.633
1.031,17.637
1.0143,17.641
0.99811,17.645
0.98244,17.648
0.96727,17.652
0.95261,17.656
0.93846,17.66
0.92482,17.664
0.91168,17.668
0.89905,17.672
0.88692,17.676
0.87529,17.68
0.86416,17.684
0.85351,17.688
0.84336,17.691
0.83369,17.695
0.82451,17.699
0.8158,17.703
0.80757,17.707
0.7998,17.711
0.79249,17.715
0.78565,17.719
0.77925,17.723
0.77329,17.727
0.76778,17.73
0.7627,17.734
0.75804,17.738
0.75379,17.742
0.74996,17.746
0.74653,17.75
0.74349,17.754
0.74084,17.758
0.73857,17.762
0.73666,17.766
0.73511,17.77
0.73391,17.773
0.73305,17.777
-7.2675,17.781
-7.2677,17.785
-7.2676,17.789
0.73283,17.793
0.73355,17.797
0.73456,17.801
0.73588,17.805
0.73749,17.809
0.7394,17.813
0.74159,17.816
0.74407,17.82
0.74683,17.824
0.74986,17.828
0.75317,17.832
0.75674,17.836
0.76057,17.84
0.76466,17.844
0.769,17.848
0.77358,17.852
0.7784,17.855
0.78345,17.859
0.78872,17.863
0.79421,17.867
0.79991,17.871
0.80581,17.875
0.8119,17.879
0.81817,17.883
0.82462,17.887
0.83124,17.891
0.83802,17.895
0.84494,17.898
0.852,17.902
0.85919,17.906
0.86649,17.91
-7.1261,17.914
-7.1186,17.918
-7.111,17.922
0.89669,17.926
0.90444,17.93
0.91227,17.934
0.92017,17.938
0.92814,17.941
0.93616,17.945
0.94424,17.949
0.95237,17.953
0.96054,17.957
0.96875,17.961
0.977,17.965
0.98527,17.969
0.99355,17.973
1.0018,17.977
-6.9899,17.98
-6.9816,17.984
-6.9733,17.988
1.035,17.992
1.0433,17.996
1.0515,18
1.0597,18.004
1.0679,18.008
1.0761,18.012
1.0843,18.016
1.0924,18.02
1.1005,18.023
1.1086,18.027
1.1166,18.031
1.1246,18.035
1.1325,18.039
1.1404,18.043
-6.8518,18.047
-6.844,18.051
-6.8363,18.055
1.1713,18.059
1.1789,18.063
1.1864,18.066
1.1938,18.07
1.2012,18.074
1.2085,18.078
1.2157,18.082
1.2229,18.086
1.23,18.09
1.237,18.094
1.2439,18.098
1.2508,18.102
1.2576,18.105
1.2643,18.109
-6.7291,18.113
-6.7226,18.117
-6.7162,18.121
1.2901,18.125
1.2963,18.129
1.3024,18.133
1.3085,18.137
1.3144,18.141
1.3203,18.145
1.326,18.148
1.3317,18.152
1.3373,18.156
1.3428,18.16
1.3482,18.164
1.3535,18.168
1.3587,18.172
1.3637,18.176
-6.6313,18.18
-6.6264,18.184
-6.6216,18.188
1.383,18.191
1.3876,18.195
1.392,18.199
1.3963,18.203
1.4005,18.207
1.4047,18.211
1.4087,18.215
1.4126,18.219
1.4164,18.223
1.4201,18.227
1.4237,18.23
1.4272,18.234
1.4306,18.238
-6.5661,18.242
-6.563,18.246
-6.56,18.25
-6.557,18.254
1.4458,18.258
1.4484,18.262
1.451,18.266
1.4535,18.27
1.4559,18.273
1.4582,18.277
1.4604,18.281
1.4625,18.285
1.4646,18.289
1.4665,18.293
1.4684,18.297
1.4702,18.301
1.4719,18.305
-6.5264,18.309
-6.5249,18.313
-6.5234,18.316
1.478,18.32
1.4793,18.324
1.4806,18.328
1.4818,18.332
1.4829,18.336
1.484,18.34
1.4851,18.344
1.4861,18.348
1.487,18.352
1.4879,18.355
1.4888,18.359
1.4896,18.363
1.4904,18.367
1.4912,18.371
-6.5081,18.375
-6.5075,18.379
-6.5069,18.383
1.4937,18.387
1.4943,18.391
1.4948,18.395
1.4953,18.398
1.4957,18.402
1.4962,18.406
1.4966,18.41
1.4971,18.414
1.4975,18.418
1.4979,18.422
1.4983,18.426
1.4987,18.43
1.4991,18.434
1.4994,18.438
-6.5002,18.441
-6.4999,18.445
-6.4995,18.449
1.5008,18.453
1.5011,18.457
1.5014,18.461
1.5018,18.465
1.5021,18.469
1.5024,18.473
1.5028,18.477
1.5031,18.48
1.5035,18.484
1.5039,18.488
1.5043,18.492
1.5047,18.496
1.5052,18.5
1.5056,18.504
-6.4939,18.508
-6.4934,18.512
-6.493,18.516
1.5075,18.52
1.508,18.523
1.5085,18.527
1.5091,18.531
1.5096,18.535
1.5102,18.539
1.5108,18.543
1.5115,18.547
1.5122,18.551
1.5129,18.555
1.5136,18.559
1.5144,18.563
1.5151,18.566
1.516,18.57
-6.4832,18.574
-6.4824,18.578
-6.4815,18.582
1.5194,18.586
1.5203,18.59
1.5213,18.594
1.5222,18.598
1.5233,18.602
1.5243,18.605
1.5254,18.609
1.5265,18.613
1.5276,18.617
1.5288,18.621
1.53,18.625
1.5312,18.629
1.5325,18.633
1.5338,18.637
-6.4649,18.641
-6.4636,18.645
-6.4622,18.648
1.5391,18.652
1.5405,18.656
1.5419,18.66
1.5434,18.664
1.5448,18.668
1.5463,18.672
1.5479,18.676
1.5494,18.68
1.551,18.684
1.5526,18.688
1.5542,18.691
1.5559,18.695
1.5575,18.699
1.5592,18.703
-6.4391,18.707
-6.4374,18.711
-6.4357,18.715
1.566,18.719
1.5677,18.723
1.5694,18.727
1.5712,18.73
1.5729,18.734
1.5746,18.738
1.5764,18.742
1.5781,18.746
1.5799,18.75
1.5817,18.754
1.5834,18.758
1.5852,18.762
1.5869,18.766
1.5887,18.77
-6.4096,18.773
-6.4079,18.777
-6.4062,18.781
1.5954,18.785
1.5971,18.789
1.5987,18.793
1.6002,18.797
1.6018,18.801
1.6033,18.805
1.6048,18.809
1.6063,18.813
1.6077,18.816
1.6091,18.82
1.6104,18.824
1.6117,18.828
1.613,18.832
-6.3859,18.836
-6.3847,18.84
-6.3837,18.844
-6.3827,18.848
1.6183,18.852
1.6191,18.855
1.6199,18.859
1.6206,18.863
1.6213,18.867
1.6219,18.871
1.6225,18.875
1.623,18.879
1.6234,18.883
1.6238,18.887
1.6241,18.891
1.6243,18.895
1.6245,18.898
-6.3755,18.902
-6.3754,18.906
-6.3755,18.91
-6.3757,18.914
1.6241,18.918
1.6237,18.922
1.6234,18.926
1.6229,18.93
1.6224,18.934
1.6218,18.938
1.6211,18.941
1.6204,18.945
1.6196,18.949
1.6187,18.953
1.6178,18.957
1.6169,18.961
1.6158,18.965
-6.3853,18.969
-6.3865,18.973
-6.3877,18.977
-6.3891,18.98
1.6095,18.984
1.6081,18.988
1.6066,18.992
1.605,18.996
1.6034,19
1.6018,19.004
1.6001,19.008
1.5984,19.012
1.5966,19.016
1.5948,19.02
1.593,19.023
1.5911,19.027
1.5892,19.031
-6.4127,19.035
-6.4146,19.039
-6.4166,19.043
1.5813,19.047
1.5793,19.051
1.5772,19.055
1.5752,19.059
1.5731,19.063
1.571,19.066
1.5689,19.07
1.5668,19.074
1.5646,19.078
1.5625,19.082
1.5604,19.086
1.5583,19.09
1.5562,19.094
1.5541,19.098
-6.448,19.102
-6.4502,19.105
-6.4523,19.109
1.5456,19.113
1.5434,19.117
1.5413,19.121
1.5392,19.125
1.5371,19.129
1.535,19.133
1.5329,19.137
1.5308,19.141
1.5288,19.145
1.5267,19.148
1.5247,19.152
1.5227,19.156
1.5207,19.16
1.5187,19.164
-6.4832,19.168
-6.4852,19.172
-6.4871,19.176
1.5109,19.18
1.509,19.184
1.5071,19.188
1.5052,19.191
1.5033,19.195
1.5014,19.199
1.4996,19.203
1.4978,19.207
1.496,19.211
1.4942,19.215
1.4925,19.219
1.4908,19.223
1.4891,19.227
1.4874,19.23
-6.5143,19.234
-6.516,19.238
-6.5177,19.242
1.4807,19.246
1.4791,19.25
1.4774,19.254
1.4758,19.258
1.4742,19.262
1.4727,19.266
1.4711,19.27
1.4696,19.273
1.4681,19.277
1.4666,19.281
1.4651,19.285
1.4637,19.289
1.4622,19.293
1.4608,19.297
-6.5406,19.301
-6.542,19.305
-6.5435,19.309
1.4551,19.313
1.4537,19.316
1.4523,19.32
1.4509,19.324
1.4495,19.328
1.4482,19.332
1.4468,19.336
1.4455,19.34
1.4441,19.344
1.4428,19.348
1.4415,19.352
1.4402,19.355
1.4389,19.359
1.4376,19.363
-6.5637,19.367
-6.565,19.371
-6.5663,19.375
1.4323,19.379
1.431,19.383
1.4297,19.387
1.4283,19.391
1.427,19.395
1.4256,19.398
1.4243,19.402
1.4229,19.406
1.4216,19.41
1.4203,19.414
1.4189,19.418
1.4176,19.422
1.4162,19.426
1.4148,19.43
-6.5866,19.434
-6.588,19.438
-6.5894,19.441
1.4091,19.445
1.4076,19.449
1.4061,19.453
1.4046,19.457
1.4031,19.461
1.4016,19.465
1.4,19.469
1.3985,19.473
1.3969,19.477
1.3953,19.48
1.3937,19.484
1.392,19.488
1.3904,19.492
1.3887,19.496
-6.613,19.5
-6.6147,19.504
-6.6165,19.508
1.3817,19.512
1.3798,19.516
1.3779,19.52
1.376,19.523
1.3741,19.527
1.3721,19.531
1.3702,19.535
1.3681,19.539
1.3661,19.543
1.364,19.547
1.362,19.551
1.3598,19.555
1.3577,19.559
1.3555,19.563
-6.6468,19.566
-6.6491,19.57
-6.6514,19.574
1.3462,19.578
1.3438,19.582
1.3414,19.586
1.3389,19.59
1.3364,19.594
1.3338,19.598
1.3312,19.602
1.3286,19.605
1.3259,19.609
1.3232,19.613
1.3205,19.617
1.3177,19.621
1.3149,19.625
-6.688,19.629
-6.6909,19.633
-6.6938,19.637
-6.6968,19.641
1.3002,19.645
1.2971,19.648
1.294,19.652
1.2909,19.656
1.2878,19.66
1.2846,19.664
1.2815,19.668
1.2783,19.672
1.2752,19.676
1.272,19.68
1.2689,19.684
1.2657,19.688
1.2626,19.691
-6.7405,19.695
-6.7437,19.699
-6.7468,19.703
1.2502,19.707
1.2471,19.711
1.2441,19.715
1.2411,19.719
1.2381,19.723
1.2353,19.727
1.2324,19.73
1.2297,19.734
1.227,19.738
1.2244,19.742
1.2218,19.746
1.2193,19.75
1.217,19.754
1.2147,19.758
-6.7876,19.762
-6.7897,19.766
-6.7917,19.77
1.2064,19.773
1.2045,19.777
1.2028,19.781
1.2013,19.785
1.1998,19.789
1.1985,19.793
1.1974,19.797
1.1964,19.801
1.1955,19.805
1.1948,19.809
1.1943,19.813
1.194,19.816
1.1938,19.82
1.1939,19.824
-6.8059,19.828
-6.8055,19.832
-6.8049,19.836
1.1959,19.84
1.1969,19.844
1.1982,19.848
1.1996,19.852
1.2014,19.855
1.2033,19.859
1.2055,19.863
1.208,19.867
1.2108,19.871
1.2138,19.875
1.2172,19.879
1.2208,19.883
1.2247,19.887
1.2289,19.891
-6.7666,19.895
-6.7617,19.898
-6.7565,19.902
1.2489,19.906
1.2548,19.91
1.261,19.914
1.2675,19.918
1.2744,19.922
1.2817,19.926
1.2894,19.93
1.2975,19.934
1.3059,19.938
1.3149,19.941
1.3242,19.945
1.3339,19.949
1.3441,19.953
1.3548,19.957
-6.6342,19.961
-6.6226,19.965
-6.6106,19.969
1.4018,19.973
1.4148,19.977
1.4282,19.98
1.4422,19.984
1.4566,19.988
1.4716,19.992
1.4871,19.996
1.5032,20
1.5198,20.004
1.537,20.008
1.5547,20.012
1.5731,20.016
1.592,20.02
1.6115,20.023
-6.3685,20.027
-6.3478,20.031
-6.3265,20.035
1.6954,20.039
1.7179,20.043
1.7411,20.047
1.7649,20.051
1.7893,20.055
1.8144,20.059
1.8402,20.063
1.8667,20.066
1.8939,20.07
1.9217,20.074
1.9503,20.078
1.9795,20.082
2.0095,20.086
2.0401,20.09
-5.9285,20.094
-5.8964,20.098
-5.8635,20.102
2.17,20.105
2.2043,20.109
2.2393,20.113
2.2751,20.117
2.3116,20.121
2.3489,20.125
2.387,20.129
2.4258,20.133
2.4654,20.137
2.5058,20.141
2.5469,20.145
2.5889,20.148
2.6315,20.152
2.675,20.156
2.7192,20.16
2.7642,20.164
2.81,20.168
2.8565,20.172
2.9038,20.176
2.9518,20.18
3.0005,20.184
3.0499,20.188
3.1001,20.191
3.1509,20.195
3.2025,20.199
3.2547,20.203
3.3076,20.207
3.361,20.211
3.4152,20.215
3.4699,20.219
3.5252,20.223
-4.419,20.227
-4.3626,20.23
-4.3057,20.234
3.7517,20.238
3.8096,20.242
3.8679,20.246
3.9267,20.25
3.9859,20.254
4.0454,20.258
4.1053,20.262
4.1656,20.266
4.2262,20.27
4.287,20.273
4.3481,20.277
4.4094,20.281
4.4709,20.285
4.5326,20.289
-3.4057,20.293
-3.3439,20.297
-3.2821,20.301
-3.2202,20.305
-3.1584,20.309
-3.0967,20.313
-3.0351,20.316
-2.9737,20.32
-2.9124,20.324
-2.8513,20.328
-2.7904,20.332
-2.7298,20.336
-2.6695,20.34
-2.6095,20.344
-2.5499,20.348
-2.4906,20.352
-2.4317,20.355
-2.3732,20.359
-2.3151,20.363
-2.2575,20.367
-2.2003,20.371
-2.1437,20.375
-2.0875,20.379
-2.0319,20.383
-1.9768,20.387
-1.9222,20.391
-1.8682,20.395
-1.8148,20.398
-1.762,20.402
-1.7099,20.406
-1.6583,20.41
-1.6074,20.414
-1.5571,20.418
-1.5074,20.422
-1.4585,20.426
-1.4102,20.43
-1.3626,20.434
-1.3157,20.438
-1.2695,20.441
-1.224,20.445
-1.1792,20.449
-1.1351,20.453
-1.0918,20.457
-1.0491,20.461
-1.0073,20.465
-0.96614,20.469
-0.92576,20.473
-0.88613,20.477
-0.84725,20.48
-0.80913,20.484
-0.77177,20.488
-0.73518,20.492
-0.69936,20.496
-0.6643,20.5
-0.63002,20.504
-0.5965,20.508
-0.56377,20.512
-0.53181,20.516
-0.50062,20.52
-0.47022,20.523
-0.44059,20.527
-0.41175,20.531
-0.38368,20.535
-0.3564,20.539
-0.3299,20.543
-0.30417,20.547
-0.27923,20.551
-0.25507,20.555
-0.23169,20.559
-0.20909,20.563
-0.18727,20.566
-0.16622,20.57
-0.14596,20.574
-0.12647,20.578
-0.10776,20.582
-0.089829,20.586
-0.072671,20.59
-0.056288,20.594
-0.040678,20.598
-0.025841,20.602
-0.011777,20.605
0.0015168,20.609
0.01404,20.613
0.025794,20.617
0.03678,20.621
0.046999,20.625
0.05645,20.629
0.065136,20.633
0.073058,20.637
0.080215,20.641
0.086609,20.645
0.09224,20.648
0.09711,20.652
0.10122,20.656
0.10457,20.66
0.10715,20.664
0.10898,20.668
0.11005,20.672
0.11037,20.676
0.10992,20.68
0.10872,20.684
0.10676,20.688
0.10404,20.691
0.10057,20.695
0.096345,20.699
0.091362,20.703
0.085623,20.707
0.079129,20.711
0.07188,20.715
0.063876,20.719
