0,0
0,0.0039063
0,0.0078125
0,0.011719
0,0.015625
0,0.019531
0,0.023438
0,0.027344
0,0.03125
0,0.035156
0,0.039063
0,0.042969
0,0.046875
0,0.050781
0,0.054688
0,0.058594
0,0.0625
0,0.066406
0,0.070313
0,0.074219
0,0.078125
0,0.082031
0,0.085938
0,0.089844
0,0.09375
0,0.097656
0,0.10156
0,0.10547
0,0.10938
0,0.11328
0,0.11719
0,0.12109
0,0.125
0,0.12891
0,0.13281
0,0.13672
0,0.14063
0,0.14453
0,0.14844
0,0.15234
0,0.15625
0,0.16016
0,0.16406
0,0.16797
0,0.17188
0,0.17578
0,0.17969
0,0.18359
0,0.1875
0,0.19141
0,0.19531
0,0.19922
0,0.20313
0,0.20703
0,0.21094
0,0.21484
0,0.21875
0,0.22266
0,0.22656
0,0.23047
0,0.23438
0,0.23828
0,0.24219
0,0.24609
0,0.25
0,0.25391
0,0.25781
0,0.26172
0,0.26563
0,0.26953
0,0.27344
0,0.27734
0,0.28125
0,0.28516
0,0.28906
0,0.29297
0,0.29688
0,0.30078
0,0.30469
0,0.30859
0,0.3125
0,0.31641
0,0.32031
0,0.32422
0,0.32813
0,0.33203
0,0.33594
0,0.33984
0,0.34375
0,0.34766
0,0.35156
0,0.35547
0,0.35938
0,0.36328
0,0.36719
0,0.37109
0,0.375
0,0.37891
0,0.38281
0,0.38672
0,0.39063
0,0.39453
0,0.39844
0,0.40234
0,0.40625
0,0.41016
0,0.41406
0,0.41797
0,0.42188
0,0.42578
0,0.42969
0,0.43359
0,0.4375
0,0.44141
0,0.44531
0,0.44922
0,0.45313
0,0.45703
0,0.46094
0,0.46484
0,0.46875
0,0.47266
0,0.47656
0,0.48047
0,0.48438
0,0.48828
0,0.49219
0,0.49609
0,0.5
0,0.50391
0,0.50781
0,0.51172
0,0.51563
0,0.51953
0,0.52344
0,0.52734
0,0.53125
0,0.53516
0,0.53906
0,0.54297
0,0.54688
0,0.55078
0,0.55469
0,0.55859
0,0.5625
0,0.56641
0,0.57031
0,0.57422
0,0.57813
0,0.58203
0,0.58594
0,0.58984
0,0.59375
0,0.59766
0,0.60156
0,0.60547
0,0.60938
0,0.61328
0,0.61719
0,0.62109
0,0.625
0,0.62891
0,0.63281
0,0.63672
0,0.64063
0,0.64453
0,0.64844
0,0.65234
0,0.65625
0,0.66016
0,0.66406
0,0.66797
0,0.67188
0,0.67578
0,0.67969
0,0.68359
0,0.6875
0,0.69141
0,0.69531
0,0.69922
0,0.70313
0,0.70703
0,0.71094
0,0.71484
0,0.71875
0,0.72266
0,0.72656
0,0.73047
0,0.73438
0,0.73828
0,0.74219
0,0.74609
0,0.75
0,0.75391
0,0.75781
0,0.76172
0,0.76563
0,0.76953
0,0.77344
0,0.77734
0,0.78125
0,0.78516
0,0.78906
0,0.79297
0,0.79688
0,0.80078
0,0.80469
0,0.80859
0,0.8125
0,0.81641
0,0.82031
0,0.82422
0,0.82813
0,0.83203
0,0.83594
0,0.83984
0,0.84375
0,0.84766
0,0.85156
0,0.85547
0,0.85938
0,0.86328
0,0.86719
0,0.87109
0,0.875
0,0.87891
0,0.88281
0,0.88672
0,0.89063
0,0.89453
0,0.89844
0,0.90234
0,0.90625
0,0.91016
0,0.91406
0,0.91797
0,0.92188
0,0.92578
0,0.92969
0,0.93359
0,0.9375
0,0.94141
0,0.94531
0,0.94922
0,0.95313
0,0.95703
0,0.96094
0,0.96484
0,0.96875
0,0.97266
0,0.97656
0,0.98047
0,0.98438
0,0.98828
0,0.99219
0,0.99609
0,1
0,1.0039
0,1.0078
0,1.0117
0,1.0156
0,1.0195
0,1.0234
0,1.0273
0,1.0313
0,1.0352
0,1.0391
0,1.043
0,1.0469
0,1.0508
0,1.0547
0,1.0586
0,1.0625
0,1.0664
0,1.0703
0,1.0742
0,1.0781
0,1.082
0,1.0859
0,1.0898
0,1.0938
0,1.0977
0,1.1016
0,1.1055
0,1.1094
0,1.1133
0,1.1172
0,1.1211
0,1.125
0,1.1289
0,1.1328
0,1.1367
0,1.1406
0,1.1445
0,1.1484
0,1.1523
0,1.1563
0,1.1602
0,1.1641
0,1.168
0,1.1719
0,1.1758
0,1.1797
0,1.1836
0,1.1875
0,1.1914
0,1.1953
0,1.1992
0,1.2031
0,1.207
0,1.2109
0,1.2148
0,1.2188
0,1.2227
0,1.2266
0,1.2305
0,1.2344
0,1.2383
0,1.2422
0,1.2461
0,1.25
0,1.2539
0,1.2578
0,1.2617
0,1.2656
0,1.2695
0,1.2734
0,1.2773
0,1.2813
0,1.2852
0,1.2891
0,1.293
0,1.2969
0,1.3008
0,1.3047
0,1.3086
0,1.3125
0,1.3164
0,1.3203
0,1.3242
0,1.3281
0,1.332
0,1.3359
0,1.3398
0,1.3438
0,1.3477
0,1.3516
0,1.3555
0,1.3594
0,1.3633
0,1.3672
0,1.3711
0,1.375
0,1.3789
0,1.3828
0,1.3867
0,1.3906
0,1.3945
0,1.3984
0,1.4023
0,1.4063
0,1.4102
0,1.4141
0,1.418
0,1.4219
0,1.4258
0,1.4297
0,1.4336
0,1.4375
0,1.4414
0,1.4453
0,1.4492
0,1.4531
0,1.457
0,1.4609
0,1.4648
0,1.4688
0,1.4727
0,1.4766
0,1.4805
0,1.4844
0,1.4883
0,1.4922
0,1.4961
0,1.5
0,1.5039
0,1.5078
0,1.5117
0,1.5156
0,1.5195
0,1.5234
0,1.5273
0,1.5313
0,1.5352
0,1.5391
0,1.543
0,1.5469
0,1.5508
0,1.5547
0,1.5586
0,1.5625
0,1.5664
0,1.5703
0,1.5742
0,1.5781
0,1.582
0,1.5859
0,1.5898
0,1.5938
0,1.5977
0,1.6016
0,1.6055
0,1.6094
0,1.6133
0,1.6172
0,1.6211
0,1.625
0,1.6289
0,1.6328
0,1.6367
0,1.6406
0,1.6445
0,1.6484
0,1.6523
0,1.6563
0,1.6602
0,1.6641
0,1.668
0,1.6719
0,1.6758
0,1.6797
0,1.6836
0,1.6875
0,1.6914
0,1.6953
0,1.6992
0,1.7031
0,1.707
0,1.7109
0,1.7148
0,1.7188
0,1.7227
0,1.7266
0,1.7305
0,1.7344
0,1.7383
0,1.7422
0,1.7461
0,1.75
0,1.7539
0,1.7578
0,1.7617
0,1.7656
0,1.7695
0,1.7734
0,1.7773
0,1.7813
0,1.7852
0,1.7891
0,1.793
0,1.7969
0,1.8008
0,1.8047
0,1.8086
0,1.8125
0,1.8164
0,1.8203
0,1.8242
0,1.8281
0,1.832
0,1.8359
0,1.8398
0,1.8438
0,1.8477
0,1.8516
0,1.8555
0,1.8594
0,1.8633
0,1.8672
0,1.8711
0,1.875
0,1.8789
0,1.8828
0,1.8867
0,1.8906
0,1.8945
0,1.8984
0,1.9023
0,1.9063
0,1.9102
0,1.9141
0,1.918
0,1.9219
0,1.9258
0,1.9297
0,1.9336
0,1.9375
0,1.9414
0,1.9453
0,1.9492
0,1.9531
0,1.957
0,1.9609
0,1.9648
0,1.9688
0,1.9727
0,1.9766
0,1.9805
0,1.9844
0,1.9883
0,1.9922
0,1.9961
0,2
0,2.0039
0,2.0078
0,2.0117
0,2.0156
0,2.0195
0,2.0234
0,2.0273
0,2.0313
0,2.0352
0,2.0391
0,2.043
0,2.0469
0,2.0508
0,2.0547
0,2.0586
0,2.0625
0,2.0664
0,2.0703
0,2.0742
0,2.0781
0,2.082
0,2.0859
0,2.0898
0,2.0938
0,2.0977
0,2.1016
0,2.1055
0,2.1094
0,2.1133
0,2.1172
0,2.1211
0,2.125
0,2.1289
0,2.1328
0,2.1367
0,2.1406
0,2.1445
0,2.1484
0,2.1523
0,2.1563
0,2.1602
0,2.1641
0,2.168
0,2.1719
0,2.1758
0,2.1797
0,2.1836
0,2.1875
0,2.1914
0,2.1953
0,2.1992
0,2.2031
0,2.207
0,2.2109
0,2.2148
0,2.2188
0,2.2227
0,2.2266
0,2.2305
0,2.2344
0,2.2383
0,2.2422
0,2.2461
0,2.25
0,2.2539
0,2.2578
0,2.2617
0,2.2656
0,2.2695
0,2.2734
0,2.2773
0,2.2813
0,2.2852
0,2.2891
0,2.293
0,2.2969
0,2.3008
0,2.3047
0,2.3086
0,2.3125
0,2.3164
0,2.3203
0,2.3242
0,2.3281
0,2.332
0,2.3359
0,2.3398
0,2.3438
0,2.3477
0,2.3516
0,2.3555
0,2.3594
0,2.3633
0,2.3672
0,2.3711
0,2.375
0,2.3789
0,2.3828
0,2.3867
0,2.3906
0,2.3945
0,2.3984
0,2.4023
0,2.4063
0,2.4102
0,2.4141
0,2.418
0,2.4219
0,2.4258
0,2.4297
0,2.4336
0,2.4375
0,2.4414
0,2.4453
0,2.4492
0,2.4531
0,2.457
0,2.4609
0,2.4648
0,2.4688
0,2.4727
0,2.4766
0,2.4805
0,2.4844
0,2.4883
0,2.4922
0,2.4961
0,2.5
0,2.5039
0,2.5078
0,2.5117
0,2.5156
0,2.5195
0,2.5234
0,2.5273
0,2.5313
0,2.5352
0,2.5391
0,2.543
0,2.5469
0,2.5508
0,2.5547
0,2.5586
0,2.5625
0,2.5664
0,2.5703
0,2.5742
0,2.5781
0,2.582
0,2.5859
0,2.5898
0,2.5938
0,2.5977
0,2.6016
0,2.6055
0,2.6094
0,2.6133
0,2.6172
0,2.6211
0,2.625
0,2.6289
0,2.6328
0,2.6367
0,2.6406
0,2.6445
0,2.6484
0,2.6523
0,2.6563
0,2.6602
0,2.6641
0,2.668
0,2.6719
0,2.6758
0,2.6797
0,2.6836
0,2.6875
0,2.6914
0,2.6953
0,2.6992
0,2.7031
0,2.707
0,2.7109
0,2.7148
0,2.7188
0,2.7227
0,2.7266
0,2.7305
0,2.7344
0,2.7383
0,2.7422
0,2.7461
0,2.75
0,2.7539
0,2.7578
0,2.7617
0,2.7656
0,2.7695
0,2.7734
0,2.7773
0,2.7813
0,2.7852
0,2.7891
0,2.793
0,2.7969
0,2.8008
0,2.8047
0,2.8086
0,2.8125
0,2.8164
0,2.8203
0,2.8242
0,2.8281
0,2.832
0,2.8359
0,2.8398
0,2.8438
0,2.8477
0,2.8516
0,2.8555
0,2.8594
0,2.8633
0,2.8672
0,2.8711
0,2.875
0,2.8789
0,2.8828
0,2.8867
0,2.8906
0,2.8945
0,2.8984
0,2.9023
0,2.9063
0,2.9102
0,2.9141
0,2.918
0,2.9219
0,2.9258
0,2.9297
0,2.9336
0,2.9375
0,2.9414
0,2.9453
0,2.9492
0,2.9531
0,2.957
0,2.9609
0,2.9648
0,2.9688
0,2.9727
0,2.9766
0,2.9805
0,2.9844
0,2.9883
0,2.9922
0,2.9961
0,3
0,3.0039
0,3.0078
0,3.0117
0,3.0156
0,3.0195
0,3.0234
0,3.0273
0,3.0313
0,3.0352
0,3.0391
0,3.043
0,3.0469
0,3.0508
0,3.0547
0,3.0586
0,3.0625
0,3.0664
0,3.0703
0,3.0742
0,3.0781
0,3.082
0,3.0859
0,3.0898
0,3.0938
0,3.0977
0,3.1016
0,3.1055
0,3.1094
0,3.1133
0,3.1172
0,3.1211
0,3.125
0,3.1289
0,3.1328
0,3.1367
0,3.1406
0,3.1445
0,3.1484
0,3.1523
0,3.1563
0,3.1602
0,3.1641
0,3.168
0,3.1719
0,3.1758
0,3.1797
0,3.1836
0,3.1875
0,3.1914
0,3.1953
0,3.1992
0,3.2031
0,3.207
0,3.2109
0,3.2148
0,3.2188
0,3.2227
0,3.2266
0,3.2305
0,3.2344
0,3.2383
0,3.2422
0,3.2461
0,3.25
0,3.2539
0,3.2578
0,3.2617
0,3.2656
0,3.2695
0,3.2734
0,3.2773
0,3.2813
0,3.2852
0,3.2891
0,3.293
0,3.2969
0,3.3008
0,3.3047
0,3.3086
0,3.3125
0,3.3164
0,3.3203
0,3.3242
0,3.3281
0,3.332
0,3.3359
0,3.3398
0,3.3438
0,3.3477
0,3.3516
0,3.3555
0,3.3594
0,3.3633
0,3.3672
0,3.3711
0,3.375
0,3.3789
0,3.3828
0,3.3867
0,3.3906
0,3.3945
0,3.3984
0,3.4023
0,3.4063
0,3.4102
0,3.4141
0,3.418
0,3.4219
0,3.4258
0,3.4297
0,3.4336
0,3.4375
0,3.4414
0,3.4453
0,3.4492
0,3.4531
0,3.457
0,3.4609
0,3.4648
0,3.4688
0,3.4727
0,3.4766
0,3.4805
0,3.4844
0,3.4883
0,3.4922
0,3.4961
0,3.5
0,3.5039
0,3.5078
0,3.5117
0,3.5156
0,3.5195
0,3.5234
0,3.5273
0,3.5313
0,3.5352
0,3.5391
0,3.543
0,3.5469
0,3.5508
0,3.5547
0,3.5586
0,3.5625
0,3.5664
0,3.5703
0,3.5742
0,3.5781
0,3.582
0,3.5859
0,3.5898
0,3.5938
0,3.5977
0,3.6016
0,3.6055
0,3.6094
0,3.6133
0,3.6172
0,3.6211
0,3.625
0,3.6289
0,3.6328
0,3.6367
0,3.6406
0,3.6445
0,3.6484
0,3.6523
0,3.6563
0,3.6602
0,3.6641
0,3.668
0,3.6719
0,3.6758
0,3.6797
0,3.6836
0,3.6875
0,3.6914
0,3.6953
0,3.6992
0,3.7031
0,3.707
0,3.7109
0,3.7148
0,3.7188
0,3.7227
0,3.7266
0,3.7305
0,3.7344
0,3.7383
0,3.7422
0,3.7461
0,3.75
0,3.7539
0,3.7578
0,3.7617
0,3.7656
0,3.7695
0,3.7734
0,3.7773
0,3.7813
0,3.7852
0,3.7891
0,3.793
0,3.7969
0,3.8008
0,3.8047
0,3.8086
0,3.8125
0,3.8164
0,3.8203
0,3.8242
0,3.8281
0,3.832
0,3.8359
0,3.8398
0,3.8438
0,3.8477
0,3.8516
0,3.8555
0,3.8594
0,3.8633
0,3.8672
0,3.8711
0,3.875
0,3.8789
0,3.8828
0,3.8867
0,3.8906
0,3.8945
0,3.8984
0,3.9023
0,3.9063
0,3.9102
0,3.9141
0,3.918
0,3.9219
0,3.9258
0,3.9297
0,3.9336
0,3.9375
0,3.9414
0,3.9453
0,3.9492
0,3.9531
0,3.957
0,3.9609
0,3.9648
0,3.9688
0,3.9727
0,3.9766
0,3.9805
0,3.9844
0,3.9883
0,3.9922
0,3.9961
0,4
0,4.0039
0,4.0078
0,4.0117
0,4.0156
0,4.0195
0,4.0234
0,4.0273
0,4.0313
0,4.0352
0,4.0391
0,4.043
0,4.0469
0,4.0508
0,4.0547
0,4.0586
0,4.0625
0,4.0664
0,4.0703
0,4.0742
0,4.0781
0,4.082
0,4.0859
0,4.0898
0,4.0938
0,4.0977
0,4.1016
0,4.1055
0,4.1094
0,4.1133
0,4.1172
0,4.1211
0,4.125
0,4.1289
0,4.1328
0,4.1367
0,4.1406
0,4.1445
0,4.1484
0,4.1523
0,4.1563
0,4.1602
0,4.1641
0,4.168
0,4.1719
0,4.1758
0,4.1797
0,4.1836
0,4.1875
0,4.1914
0,4.1953
0,4.1992
0,4.2031
0,4.207
0,4.2109
0,4.2148
0,4.2188
0,4.2227
0,4.2266
0,4.2305
0,4.2344
0,4.2383
0,4.2422
0,4.2461
0,4.25
0,4.2539
0,4.2578
0,4.2617
0,4.2656
0,4.2695
0,4.2734
0,4.2773
0,4.2813
0,4.2852
0,4.2891
0,4.293
0,4.2969
0,4.3008
0,4.3047
0,4.3086
0,4.3125
0,4.3164
0,4.3203
0,4.3242
0,4.3281
0,4.332
0,4.3359
0,4.3398
0,4.3438
0,4.3477
0,4.3516
0,4.3555
0,4.3594
0,4.3633
0,4.3672
0,4.3711
0,4.375
0,4.3789
0,4.3828
0,4.3867
0,4.3906
0,4.3945
0,4.3984
0,4.4023
0,4.4063
0,4.4102
0,4.4141
0,4.418
0,4.4219
0,4.4258
0,4.4297
0,4.4336
0,4.4375
0,4.4414
0,4.4453
0,4.4492
0,4.4531
0,4.457
0,4.4609
0,4.4648
0,4.4688
0,4.4727
0,4.4766
0,4.4805
0,4.4844
0,4.4883
0,4.4922
0,4.4961
0,4.5
0,4.5039
0,4.5078
0,4.5117
0,4.5156
0,4.5195
0,4.5234
0,4.5273
0,4.5313
0,4.5352
0,4.5391
0,4.543
0,4.5469
0,4.5508
0,4.5547
0,4.5586
0,4.5625
0,4.5664
0,4.5703
0,4.5742
0,4.5781
0,4.582
0,4.5859
0,4.5898
0,4.5938
0,4.5977
0,4.6016
0,4.6055
0,4.6094
0,4.6133
0,4.6172
0,4.6211
0,4.625
0,4.6289
0,4.6328
0,4.6367
0,4.6406
0,4.6445
0,4.6484
0,4.6523
0,4.6563
0,4.6602
0,4.6641
0,4.668
0,4.6719
0,4.6758
0,4.6797
0,4.6836
0,4.6875
0,4.6914
0,4.6953
0,4.6992
0,4.7031
0,4.707
0,4.7109
0,4.7148
0,4.7188
0,4.7227
0,4.7266
0,4.7305
0,4.7344
0,4.7383
0,4.7422
0,4.7461
0,4.75
0,4.7539
0,4.7578
0,4.7617
0,4.7656
0,4.7695
0,4.7734
0,4.7773
0,4.7813
0,4.7852
0,4.7891
0,4.793
0,4.7969
0,4.8008
0,4.8047
0,4.8086
0,4.8125
0,4.8164
0,4.8203
0,4.8242
0,4.8281
0,4.832
0,4.8359
0,4.8398
0,4.8438
0,4.8477
0,4.8516
0,4.8555
0,4.8594
0,4.8633
0,4.8672
0,4.8711
0,4.875
0,4.8789
0,4.8828
0,4.8867
0,4.8906
0,4.8945
0,4.8984
0,4.9023
0,4.9063
0,4.9102
0,4.9141
0,4.918
0,4.9219
0,4.9258
0,4.9297
0,4.9336
0,4.9375
0,4.9414
0,4.9453
0,4.9492
0,4.9531
0,4.957
0,4.9609
0,4.9648
0,4.9688
0,4.9727
0,4.9766
0,4.9805
0,4.9844
0,4.9883
0,4.9922
0,4.9961
0,5
0,5.0039
0,5.0078
0,5.0117
0,5.0156
0,5.0195
0,5.0234
0,5.0273
0,5.0313
0,5.0352
0,5.0391
0,5.043
0,5.0469
0,5.0508
0,5.0547
0,5.0586
0,5.0625
0,5.0664
0,5.0703
0,5.0742
0,5.0781
0,5.082
0,5.0859
0,5.0898
0,5.0938
0,5.0977
0,5.1016
0,5.1055
0,5.1094
0,5.1133
0,5.1172
0,5.1211
0,5.125
0,5.1289
0,5.1328
0,5.1367
0,5.1406
0,5.1445
0,5.1484
0,5.1523
0,5.1563
0,5.1602
0,5.1641
0,5.168
0,5.1719
0,5.1758
0,5.1797
0,5.1836
0,5.1875
0,5.1914
0,5.1953
0,5.1992
0,5.2031
0,5.207
0,5.2109
0,5.2148
0,5.2188
0,5.2227
0,5.2266
0,5.2305
0,5.2344
0,5.2383
0,5.2422
0,5.2461
0,5.25
0,5.2539
0,5.2578
0,5.2617
0,5.2656
0,5.2695
0,5.2734
0,5.2773
0,5.2813
0,5.2852
0,5.2891
0,5.293
0,5.2969
0,5.3008
0,5.3047
0,5.3086
0,5.3125
0,5.3164
0,5.3203
0,5.3242
0,5.3281
0,5.332
0,5.3359
0,5.3398
0,5.3438
0,5.3477
0,5.3516
0,5.3555
0,5.3594
0,5.3633
0,5.3672
0,5.3711
0,5.375
0,5.3789
0,5.3828
0,5.3867
0,5.3906
0,5.3945
0,5.3984
0,5.4023
0,5.4063
0,5.4102
0,5.4141
8,5.418
8,5.4219
8,5.4258
8,5.4297
8,5.4336
8,5.4375
8,5.4414
8,5.4453
8,5.4492
8,5.4531
8,5.457
0,5.4609
0,5.4648
0,5.4688
0,5.4727
8,5.4766
8,5.4805
8,5.4844
8,5.4883
8,5.4922
8,5.4961
8,5.5
8,5.5039
8,5.5078
8,5.5117
8,5.5156
8,5.5195
8,5.5234
0,5.5273
0,5.5313
0,5.5352
0,5.5391
8,5.543
8,5.5469
8,5.5508
8,5.5547
8,5.5586
8,5.5625
8,5.5664
8,5.5703
8,5.5742
8,5.5781
8,5.582
8,5.5859
8,5.5898
8,5.5938
8,5.5977
8,5.6016
8,5.6055
8,5.6094
8,5.6133
8,5.6172
8,5.6211
8,5.625
8,5.6289
8,5.6328
8,5.6367
8,5.6406
8,5.6445
8,5.6484
8,5.6523
8,5.6563
8,5.6602
8,5.6641
8,5.668
8,5.6719
8,5.6758
8,5.6797
8,5.6836
8,5.6875
8,5.6914
8,5.6953
8,5.6992
8,5.7031
8,5.707
8,5.7109
8,5.7148
8,5.7188
8,5.7227
8,5.7266
8,5.7305
8,5.7344
8,5.7383
8,5.7422
8,5.7461
8,5.75
8,5.7539
8,5.7578
8,5.7617
8,5.7656
8,5.7695
8,5.7734
8,5.7773
8,5.7813
8,5.7852
8,5.7891
8,5.793
8,5.7969
8,5.8008
8,5.8047
8,5.8086
8,5.8125
8,5.8164
8,5.8203
8,5.8242
8,5.8281
8,5.832
8,5.8359
8,5.8398
8,5.8438
8,5.8477
8,5.8516
8,5.8555
8,5.8594
8,5.8633
8,5.8672
8,5.8711
8,5.875
8,5.8789
8,5.8828
8,5.8867
8,5.8906
8,5.8945
8,5.8984
8,5.9023
8,5.9063
8,5.9102
8,5.9141
8,5.918
8,5.9219
0,5.9258
0,5.9297
0,5.9336
8,5.9375
8,5.9414
8,5.9453
8,5.9492
8,5.9531
8,5.957
8,5.9609
8,5.9648
8,5.9688
8,5.9727
8,5.9766
8,5.9805
8,5.9844
8,5.9883
0,5.9922
0,5.9961
0,6
8,6.0039
8,6.0078
8,6.0117
8,6.0156
8,6.0195
8,6.0234
8,6.0273
8,6.0313
8,6.0352
8,6.0391
8,6.043
8,6.0469
8,6.0508
8,6.0547
0,6.0586
0,6.0625
0,6.0664
8,6.0703
8,6.0742
8,6.0781
8,6.082
8,6.0859
8,6.0898
8,6.0938
8,6.0977
8,6.1016
8,6.1055
8,6.1094
8,6.1133
8,6.1172
0,6.1211
0,6.125
0,6.1289
0,6.1328
8,6.1367
8,6.1406
8,6.1445
8,6.1484
8,6.1523
8,6.1563
8,6.1602
8,6.1641
8,6.168
8,6.1719
8,6.1758
8,6.1797
8,6.1836
0,6.1875
0,6.1914
0,6.1953
0,6.1992
0,6.2031
8,6.207
8,6.2109
8,6.2148
8,6.2188
8,6.2227
8,6.2266
8,6.2305
8,6.2344
8,6.2383
8,6.2422
8,6.2461
8,6.25
0,6.2539
0,6.2578
0,6.2617
0,6.2656
0,6.2695
8,6.2734
8,6.2773
8,6.2813
8,6.2852
8,6.2891
8,6.293
8,6.2969
8,6.3008
8,6.3047
8,6.3086
8,6.3125
8,6.3164
0,6.3203
0,6.3242
0,6.3281
0,6.332
0,6.3359
8,6.3398
8,6.3438
8,6.3477
8,6.3516
8,6.3555
8,6.3594
8,6.3633
8,6.3672
8,6.3711
8,6.375
8,6.3789
8,6.3828
0,6.3867
0,6.3906
0,6.3945
0,6.3984
0,6.4023
8,6.4063
8,6.4102
8,6.4141
8,6.418
8,6.4219
8,6.4258
8,6.4297
8,6.4336
8,6.4375
8,6.4414
8,6.4453
8,6.4492
0,6.4531
0,6.457
0,6.4609
0,6.4648
0,6.4688
8,6.4727
8,6.4766
8,6.4805
8,6.4844
8,6.4883
8,6.4922
8,6.4961
8,6.5
8,6.5039
8,6.5078
8,6.5117
8,6.5156
0,6.5195
0,6.5234
0,6.5273
0,6.5313
0,6.5352
8,6.5391
8,6.543
8,6.5469
8,6.5508
8,6.5547
8,6.5586
8,6.5625
8,6.5664
8,6.5703
8,6.5742
8,6.5781
8,6.582
0,6.5859
0,6.5898
0,6.5938
0,6.5977
0,6.6016
8,6.6055
8,6.6094
8,6.6133
8,6.6172
8,6.6211
8,6.625
8,6.6289
8,6.6328
8,6.6367
8,6.6406
8,6.6445
8,6.6484
0,6.6523
0,6.6563
0,6.6602
0,6.6641
8,6.668
8,6.6719
8,6.6758
8,6.6797
8,6.6836
8,6.6875
8,6.6914
8,6.6953
8,6.6992
8,6.7031
8,6.707
8,6.7109
0,6.7148
0,6.7188
0,6.7227
0,6.7266
0,6.7305
8,6.7344
8,6.7383
8,6.7422
8,6.7461
8,6.75
8,6.7539
8,6.7578
8,6.7617
8,6.7656
8,6.7695
8,6.7734
8,6.7773
0,6.7813
0,6.7852
0,6.7891
0,6.793
0,6.7969
8,6.8008
8,6.8047
8,6.8086
8,6.8125
8,6.8164
8,6.8203
8,6.8242
8,6.8281
8,6.832
8,6.8359
8,6.8398
8,6.8438
0,6.8477
0,6.8516
0,6.8555
0,6.8594
0,6.8633
8,6.8672
8,6.8711
8,6.875
8,6.8789
8,6.8828
8,6.8867
8,6.8906
8,6.8945
8,6.8984
8,6.9023
8,6.9063
8,6.9102
0,6.9141
0,6.918
0,6.9219
0,6.9258
0,6.9297
8,6.9336
8,6.9375
8,6.9414
8,6.9453
8,6.9492
8,6.9531
8,6.957
8,6.9609
8,6.9648
8,6.9688
8,6.9727
8,6.9766
0,6.9805
0,6.9844
0,6.9883
0,6.9922
0,6.9961
8,7
8,7.0039
8,7.0078
8,7.0117
8,7.0156
8,7.0195
8,7.0234
8,7.0273
8,7.0313
8,7.0352
8,7.0391
8,7.043
0,7.0469
0,7.0508
0,7.0547
0,7.0586
0,7.0625
8,7.0664
8,7.0703
8,7.0742
8,7.0781
8,7.082
8,7.0859
8,7.0898
8,7.0938
8,7.0977
8,7.1016
8,7.1055
8,7.1094
0,7.1133
0,7.1172
0,7.1211
0,7.125
0,7.1289
8,7.1328
8,7.1367
8,7.1406
8,7.1445
8,7.1484
8,7.1523
8,7.1563
8,7.1602
8,7.1641
8,7.168
8,7.1719
8,7.1758
0,7.1797
0,7.1836
0,7.1875
0,7.1914
0,7.1953
8,7.1992
8,7.2031
8,7.207
8,7.2109
8,7.2148
8,7.2188
8,7.2227
8,7.2266
8,7.2305
8,7.2344
8,7.2383
8,7.2422
0,7.2461
0,7.25
0,7.2539
0,7.2578
0,7.2617
8,7.2656
8,7.2695
8,7.2734
8,7.2773
8,7.2813
8,7.2852
8,7.2891
8,7.293
8,7.2969
8,7.3008
8,7.3047
8,7.3086
0,7.3125
0,7.3164
0,7.3203
0,7.3242
0,7.3281
8,7.332
8,7.3359
8,7.3398
8,7.3438
8,7.3477
8,7.3516
8,7.3555
8,7.3594
8,7.3633
8,7.3672
8,7.3711
0,7.375
0,7.3789
0,7.3828
0,7.3867
0,7.3906
0,7.3945
0,7.3984
0,7.4023
0,7.4063
0,7.4102
0,7.4141
0,7.418
0,7.4219
0,7.4258
0,7.4297
0,7.4336
0,7.4375
0,7.4414
0,7.4453
0,7.4492
0,7.4531
0,7.457
0,7.4609
0,7.4648
0,7.4688
0,7.4727
0,7.4766
0,7.4805
0,7.4844
0,7.4883
0,7.4922
0,7.4961
0,7.5
0,7.5039
0,7.5078
0,7.5117
0,7.5156
0,7.5195
0,7.5234
0,7.5273
0,7.5313
0,7.5352
0,7.5391
0,7.543
0,7.5469
0,7.5508
0,7.5547
0,7.5586
0,7.5625
0,7.5664
0,7.5703
0,7.5742
0,7.5781
0,7.582
0,7.5859
0,7.5898
0,7.5938
0,7.5977
0,7.6016
0,7.6055
0,7.6094
0,7.6133
0,7.6172
0,7.6211
0,7.625
0,7.6289
0,7.6328
0,7.6367
0,7.6406
0,7.6445
0,7.6484
0,7.6523
0,7.6563
0,7.6602
0,7.6641
0,7.668
0,7.6719
0,7.6758
0,7.6797
0,7.6836
0,7.6875
0,7.6914
0,7.6953
0,7.6992
0,7.7031
0,7.707
0,7.7109
0,7.7148
0,7.7188
0,7.7227
0,7.7266
0,7.7305
0,7.7344
0,7.7383
0,7.7422
0,7.7461
0,7.75
0,7.7539
0,7.7578
0,7.7617
0,7.7656
0,7.7695
0,7.7734
0,7.7773
0,7.7813
0,7.7852
0,7.7891
0,7.793
0,7.7969
0,7.8008
0,7.8047
0,7.8086
0,7.8125
0,7.8164
0,7.8203
0,7.8242
0,7.8281
0,7.832
0,7.8359
0,7.8398
0,7.8438
0,7.8477
0,7.8516
0,7.8555
0,7.8594
0,7.8633
0,7.8672
0,7.8711
0,7.875
0,7.8789
0,7.8828
0,7.8867
0,7.8906
0,7.8945
0,7.8984
0,7.9023
0,7.9063
0,7.9102
0,7.9141
0,7.918
0,7.9219
0,7.9258
0,7.9297
0,7.9336
0,7.9375
0,7.9414
0,7.9453
0,7.9492
0,7.9531
0,7.957
0,7.9609
0,7.9648
0,7.9688
0,7.9727
0,7.9766
0,7.9805
0,7.9844
0,7.9883
0,7.9922
0,7.9961
0,8
0,8.0039
0,8.0078
0,8.0117
0,8.0156
0,8.0195
0,8.0234
0,8.0273
0,8.0313
0,8.0352
0,8.0391
0,8.043
0,8.0469
0,8.0508
0,8.0547
0,8.0586
0,8.0625
0,8.0664
0,8.0703
0,8.0742
0,8.0781
0,8.082
0,8.0859
0,8.0898
0,8.0938
0,8.0977
0,8.1016
0,8.1055
0,8.1094
0,8.1133
0,8.1172
0,8.1211
0,8.125
0,8.1289
0,8.1328
0,8.1367
0,8.1406
0,8.1445
0,8.1484
0,8.1523
0,8.1563
0,8.1602
0,8.1641
0,8.168
0,8.1719
0,8.1758
0,8.1797
0,8.1836
0,8.1875
0,8.1914
0,8.1953
0,8.1992
0,8.2031
0,8.207
0,8.2109
0,8.2148
0,8.2188
0,8.2227
0,8.2266
0,8.2305
0,8.2344
0,8.2383
0,8.2422
0,8.2461
0,8.25
0,8.2539
0,8.2578
0,8.2617
0,8.2656
0,8.2695
0,8.2734
0,8.2773
0,8.2813
0,8.2852
0,8.2891
0,8.293
0,8.2969
0,8.3008
0,8.3047
0,8.3086
0,8.3125
0,8.3164
0,8.3203
0,8.3242
0,8.3281
0,8.332
0,8.3359
0,8.3398
0,8.3438
0,8.3477
0,8.3516
0,8.3555
0,8.3594
0,8.3633
0,8.3672
0,8.3711
0,8.375
0,8.3789
0,8.3828
0,8.3867
0,8.3906
0,8.3945
0,8.3984
0,8.4023
0,8.4063
0,8.4102
0,8.4141
0,8.418
0,8.4219
0,8.4258
0,8.4297
0,8.4336
0,8.4375
0,8.4414
0,8.4453
0,8.4492
0,8.4531
0,8.457
0,8.4609
0,8.4648
0,8.4688
0,8.4727
0,8.4766
0,8.4805
0,8.4844
0,8.4883
0,8.4922
0,8.4961
0,8.5
0,8.5039
0,8.5078
0,8.5117
0,8.5156
0,8.5195
0,8.5234
0,8.5273
0,8.5313
0,8.5352
0,8.5391
0,8.543
0,8.5469
0,8.5508
0,8.5547
0,8.5586
0,8.5625
0,8.5664
0,8.5703
0,8.5742
0,8.5781
0,8.582
0,8.5859
0,8.5898
0,8.5938
0,8.5977
0,8.6016
0,8.6055
0,8.6094
0,8.6133
0,8.6172
0,8.6211
0,8.625
0,8.6289
0,8.6328
0,8.6367
0,8.6406
0,8.6445
0,8.6484
0,8.6523
0,8.6563
0,8.6602
0,8.6641
0,8.668
0,8.6719
0,8.6758
0,8.6797
0,8.6836
0,8.6875
0,8.6914
0,8.6953
0,8.6992
0,8.7031
0,8.707
0,8.7109
0,8.7148
0,8.7188
0,8.7227
0,8.7266
0,8.7305
0,8.7344
0,8.7383
0,8.7422
0,8.7461
0,8.75
0,8.7539
0,8.7578
0,8.7617
0,8.7656
0,8.7695
0,8.7734
0,8.7773
0,8.7813
0,8.7852
0,8.7891
0,8.793
0,8.7969
0,8.8008
0,8.8047
0,8.8086
0,8.8125
0,8.8164
0,8.8203
0,8.8242
0,8.8281
0,8.832
0,8.8359
0,8.8398
0,8.8438
0,8.8477
0,8.8516
0,8.8555
0,8.8594
0,8.8633
0,8.8672
0,8.8711
0,8.875
0,8.8789
0,8.8828
0,8.8867
0,8.8906
0,8.8945
0,8.8984
0,8.9023
0,8.9063
0,8.9102
0,8.9141
0,8.918
0,8.9219
0,8.9258
0,8.9297
0,8.9336
0,8.9375
0,8.9414
0,8.9453
0,8.9492
0,8.9531
0,8.957
0,8.9609
0,8.9648
0,8.9688
0,8.9727
0,8.9766
0,8.9805
0,8.9844
0,8.9883
0,8.9922
0,8.9961
0,9
0,9.0039
0,9.0078
0,9.0117
0,9.0156
0,9.0195
0,9.0234
0,9.0273
0,9.0313
0,9.0352
0,9.0391
0,9.043
0,9.0469
0,9.0508
0,9.0547
0,9.0586
0,9.0625
0,9.0664
0,9.0703
0,9.0742
0,9.0781
0,9.082
0,9.0859
0,9.0898
0,9.0938
0,9.0977
0,9.1016
0,9.1055
0,9.1094
0,9.1133
0,9.1172
0,9.1211
0,9.125
0,9.1289
0,9.1328
0,9.1367
0,9.1406
0,9.1445
0,9.1484
0,9.1523
0,9.1563
0,9.1602
0,9.1641
0,9.168
0,9.1719
0,9.1758
0,9.1797
0,9.1836
0,9.1875
0,9.1914
0,9.1953
0,9.1992
0,9.2031
0,9.207
0,9.2109
0,9.2148
0,9.2188
0,9.2227
0,9.2266
0,9.2305
0,9.2344
0,9.2383
0,9.2422
0,9.2461
0,9.25
0,9.2539
0,9.2578
0,9.2617
0,9.2656
0,9.2695
0,9.2734
0,9.2773
0,9.2813
0,9.2852
0,9.2891
0,9.293
0,9.2969
0,9.3008
0,9.3047
0,9.3086
0,9.3125
0,9.3164
0,9.3203
0,9.3242
0,9.3281
0,9.332
0,9.3359
0,9.3398
0,9.3438
0,9.3477
0,9.3516
0,9.3555
0,9.3594
0,9.3633
0,9.3672
0,9.3711
0,9.375
0,9.3789
0,9.3828
0,9.3867
0,9.3906
0,9.3945
0,9.3984
0,9.4023
0,9.4063
0,9.4102
0,9.4141
0,9.418
0,9.4219
0,9.4258
0,9.4297
0,9.4336
0,9.4375
0,9.4414
0,9.4453
0,9.4492
0,9.4531
0,9.457
0,9.4609
0,9.4648
0,9.4688
0,9.4727
0,9.4766
0,9.4805
0,9.4844
0,9.4883
0,9.4922
0,9.4961
0,9.5
0,9.5039
0,9.5078
0,9.5117
0,9.5156
0,9.5195
0,9.5234
0,9.5273
0,9.5313
0,9.5352
0,9.5391
0,9.543
0,9.5469
0,9.5508
0,9.5547
0,9.5586
0,9.5625
0,9.5664
0,9.5703
0,9.5742
0,9.5781
0,9.582
0,9.5859
0,9.5898
0,9.5938
0,9.5977
0,9.6016
0,9.6055
0,9.6094
0,9.6133
0,9.6172
0,9.6211
0,9.625
0,9.6289
0,9.6328
0,9.6367
0,9.6406
0,9.6445
0,9.6484
0,9.6523
0,9.6563
0,9.6602
0,9.6641
0,9.668
0,9.6719
0,9.6758
0,9.6797
0,9.6836
0,9.6875
0,9.6914
0,9.6953
0,9.6992
0,9.7031
0,9.707
0,9.7109
0,9.7148
0,9.7188
0,9.7227
0,9.7266
0,9.7305
0,9.7344
0,9.7383
0,9.7422
0,9.7461
0,9.75
0,9.7539
0,9.7578
0,9.7617
0,9.7656
0,9.7695
0,9.7734
0,9.7773
0,9.7813
0,9.7852
0,9.7891
0,9.793
0,9.7969
0,9.8008
0,9.8047
0,9.8086
0,9.8125
0,9.8164
0,9.8203
0,9.8242
0,9.8281
0,9.832
0,9.8359
0,9.8398
0,9.8438
0,9.8477
0,9.8516
0,9.8555
0,9.8594
0,9.8633
0,9.8672
0,9.8711
0,9.875
0,9.8789
0,9.8828
0,9.8867
0,9.8906
0,9.8945
0,9.8984
0,9.9023
0,9.9063
0,9.9102
0,9.9141
0,9.918
0,9.9219
0,9.9258
0,9.9297
0,9.9336
0,9.9375
0,9.9414
0,9.9453
0,9.9492
0,9.9531
0,9.957
0,9.9609
0,9.9648
0,9.9688
0,9.9727
0,9.9766
0,9.9805
0,9.9844
0,9.9883
0,9.9922
0,9.9961
0,10
0,10.004
0,10.008
0,10.012
0,10.016
0,10.02
0,10.023
0,10.027
0,10.031
0,10.035
0,10.039
0,10.043
0,10.047
0,10.051
0,10.055
0,10.059
0,10.063
0,10.066
0,10.07
0,10.074
0,10.078
0,10.082
0,10.086
0,10.09
0,10.094
0,10.098
0,10.102
0,10.105
0,10.109
0,10.113
0,10.117
0,10.121
0,10.125
0,10.129
0,10.133
0,10.137
0,10.141
0,10.145
0,10.148
0,10.152
0,10.156
0,10.16
0,10.164
0,10.168
0,10.172
0,10.176
0,10.18
0,10.184
0,10.188
0,10.191
0,10.195
0,10.199
0,10.203
0,10.207
0,10.211
0,10.215
0,10.219
0,10.223
0,10.227
0,10.23
0,10.234
0,10.238
0,10.242
0,10.246
0,10.25
0,10.254
0,10.258
0,10.262
0,10.266
0,10.27
0,10.273
0,10.277
0,10.281
0,10.285
0,10.289
0,10.293
0,10.297
0,10.301
0,10.305
0,10.309
0,10.313
0,10.316
0,10.32
0,10.324
0,10.328
0,10.332
0,10.336
0,10.34
0,10.344
0,10.348
0,10.352
0,10.355
0,10.359
0,10.363
0,10.367
0,10.371
0,10.375
0,10.379
0,10.383
0,10.387
0,10.391
0,10.395
0,10.398
0,10.402
0,10.406
0,10.41
0,10.414
0,10.418
0,10.422
0,10.426
0,10.43
0,10.434
0,10.438
0,10.441
0,10.445
0,10.449
0,10.453
0,10.457
0,10.461
0,10.465
0,10.469
0,10.473
0,10.477
0,10.48
0,10.484
0,10.488
0,10.492
0,10.496
0,10.5
0,10.504
0,10.508
0,10.512
0,10.516
0,10.52
0,10.523
0,10.527
0,10.531
0,10.535
0,10.539
0,10.543
0,10.547
0,10.551
0,10.555
0,10.559
0,10.563
0,10.566
0,10.57
0,10.574
0,10.578
0,10.582
0,10.586
0,10.59
0,10.594
0,10.598
0,10.602
0,10.605
0,10.609
0,10.613
0,10.617
0,10.621
0,10.625
0,10.629
0,10.633
0,10.637
0,10.641
0,10.645
0,10.648
0,10.652
0,10.656
0,10.66
0,10.664
0,10.668
0,10.672
0,10.676
0,10.68
0,10.684
0,10.688
0,10.691
0,10.695
0,10.699
0,10.703
0,10.707
0,10.711
0,10.715
0,10.719
0,10.723
0,10.727
0,10.73
0,10.734
0,10.738
0,10.742
0,10.746
0,10.75
0,10.754
0,10.758
0,10.762
0,10.766
0,10.77
0,10.773
0,10.777
0,10.781
0,10.785
0,10.789
0,10.793
0,10.797
0,10.801
0,10.805
0,10.809
0,10.813
0,10.816
0,10.82
0,10.824
0,10.828
0,10.832
0,10.836
0,10.84
0,10.844
0,10.848
0,10.852
0,10.855
0,10.859
0,10.863
0,10.867
0,10.871
0,10.875
0,10.879
0,10.883
0,10.887
0,10.891
0,10.895
0,10.898
0,10.902
0,10.906
0,10.91
0,10.914
0,10.918
0,10.922
0,10.926
0,10.93
0,10.934
0,10.938
0,10.941
0,10.945
0,10.949
0,10.953
0,10.957
0,10.961
0,10.965
0,10.969
0,10.973
0,10.977
0,10.98
0,10.984
0,10.988
0,10.992
0,10.996
0,11
0,11.004
0,11.008
0,11.012
0,11.016
0,11.02
0,11.023
0,11.027
0,11.031
0,11.035
0,11.039
0,11.043
0,11.047
0,11.051
0,11.055
0,11.059
0,11.063
0,11.066
0,11.07
0,11.074
0,11.078
0,11.082
0,11.086
0,11.09
0,11.094
0,11.098
0,11.102
0,11.105
0,11.109
0,11.113
0,11.117
0,11.121
0,11.125
0,11.129
0,11.133
0,11.137
0,11.141
0,11.145
0,11.148
0,11.152
0,11.156
0,11.16
0,11.164
0,11.168
0,11.172
0,11.176
0,11.18
0,11.184
0,11.188
0,11.191
0,11.195
0,11.199
0,11.203
0,11.207
0,11.211
0,11.215
0,11.219
0,11.223
0,11.227
0,11.23
0,11.234
0,11.238
0,11.242
0,11.246
0,11.25
0,11.254
0,11.258
0,11.262
0,11.266
0,11.27
0,11.273
0,11.277
0,11.281
0,11.285
0,11.289
0,11.293
0,11.297
0,11.301
0,11.305
0,11.309
0,11.313
0,11.316
0,11.32
0,11.324
0,11.328
0,11.332
0,11.336
0,11.34
0,11.344
0,11.348
0,11.352
0,11.355
0,11.359
0,11.363
0,11.367
0,11.371
0,11.375
0,11.379
0,11.383
0,11.387
0,11.391
0,11.395
0,11.398
0,11.402
0,11.406
0,11.41
0,11.414
0,11.418
0,11.422
0,11.426
0,11.43
0,11.434
0,11.438
0,11.441
0,11.445
0,11.449
0,11.453
0,11.457
0,11.461
0,11.465
0,11.469
0,11.473
0,11.477
0,11.48
0,11.484
0,11.488
0,11.492
0,11.496
0,11.5
0,11.504
0,11.508
0,11.512
0,11.516
0,11.52
0,11.523
0,11.527
0,11.531
0,11.535
0,11.539
0,11.543
0,11.547
0,11.551
0,11.555
0,11.559
0,11.563
0,11.566
0,11.57
0,11.574
0,11.578
0,11.582
0,11.586
0,11.59
0,11.594
0,11.598
0,11.602
0,11.605
0,11.609
0,11.613
0,11.617
0,11.621
0,11.625
0,11.629
0,11.633
0,11.637
0,11.641
0,11.645
0,11.648
0,11.652
0,11.656
0,11.66
0,11.664
0,11.668
0,11.672
0,11.676
0,11.68
0,11.684
0,11.688
0,11.691
0,11.695
0,11.699
0,11.703
0,11.707
0,11.711
0,11.715
0,11.719
0,11.723
0,11.727
0,11.73
0,11.734
0,11.738
0,11.742
0,11.746
0,11.75
0,11.754
0,11.758
0,11.762
0,11.766
0,11.77
0,11.773
0,11.777
0,11.781
0,11.785
0,11.789
0,11.793
0,11.797
0,11.801
0,11.805
0,11.809
0,11.813
0,11.816
0,11.82
0,11.824
0,11.828
0,11.832
0,11.836
0,11.84
0,11.844
0,11.848
0,11.852
0,11.855
0,11.859
0,11.863
0,11.867
0,11.871
0,11.875
0,11.879
0,11.883
0,11.887
0,11.891
0,11.895
0,11.898
0,11.902
0,11.906
0,11.91
0,11.914
0,11.918
0,11.922
0,11.926
0,11.93
0,11.934
0,11.938
0,11.941
0,11.945
0,11.949
0,11.953
0,11.957
0,11.961
0,11.965
0,11.969
0,11.973
0,11.977
0,11.98
0,11.984
0,11.988
0,11.992
0,11.996
0,12
0,12.004
0,12.008
0,12.012
0,12.016
0,12.02
0,12.023
0,12.027
0,12.031
0,12.035
0,12.039
0,12.043
0,12.047
0,12.051
0,12.055
0,12.059
0,12.063
0,12.066
0,12.07
0,12.074
0,12.078
0,12.082
0,12.086
0,12.09
8,12.094
8,12.098
8,12.102
8,12.105
8,12.109
8,12.113
8,12.117
8,12.121
8,12.125
8,12.129
0,12.133
0,12.137
0,12.141
0,12.145
0,12.148
0,12.152
8,12.156
8,12.16
8,12.164
8,12.168
8,12.172
8,12.176
8,12.18
8,12.184
8,12.188
8,12.191
8,12.195
0,12.199
0,12.203
0,12.207
0,12.211
0,12.215
8,12.219
8,12.223
8,12.227
8,12.23
8,12.234
8,12.238
8,12.242
8,12.246
8,12.25
8,12.254
8,12.258
8,12.262
0,12.266
0,12.27
0,12.273
0,12.277
0,12.281
8,12.285
8,12.289
8,12.293
8,12.297
8,12.301
8,12.305
8,12.309
8,12.313
8,12.316
8,12.32
8,12.324
8,12.328
0,12.332
0,12.336
0,12.34
0,12.344
8,12.348
8,12.352
8,12.355
8,12.359
8,12.363
8,12.367
8,12.371
8,12.375
8,12.379
8,12.383
8,12.387
8,12.391
8,12.395
0,12.398
0,12.402
0,12.406
0,12.41
8,12.414
8,12.418
8,12.422
8,12.426
8,12.43
8,12.434
8,12.438
8,12.441
8,12.445
8,12.449
8,12.453
8,12.457
0,12.461
0,12.465
0,12.469
0,12.473
0,12.477
8,12.48
8,12.484
8,12.488
8,12.492
8,12.496
8,12.5
8,12.504
8,12.508
8,12.512
8,12.516
8,12.52
8,12.523
0,12.527
0,12.531
0,12.535
0,12.539
0,12.543
8,12.547
8,12.551
8,12.555
8,12.559
8,12.563
8,12.566
8,12.57
8,12.574
8,12.578
8,12.582
8,12.586
8,12.59
0,12.594
0,12.598
0,12.602
0,12.605
0,12.609
8,12.613
8,12.617
8,12.621
8,12.625
8,12.629
8,12.633
8,12.637
8,12.641
8,12.645
8,12.648
8,12.652
8,12.656
0,12.66
0,12.664
0,12.668
0,12.672
0,12.676
8,12.68
8,12.684
8,12.688
8,12.691
8,12.695
8,12.699
8,12.703
8,12.707
8,12.711
8,12.715
8,12.719
8,12.723
0,12.727
0,12.73
0,12.734
0,12.738
0,12.742
8,12.746
8,12.75
8,12.754
8,12.758
8,12.762
8,12.766
8,12.77
8,12.773
8,12.777
8,12.781
8,12.785
8,12.789
0,12.793
0,12.797
0,12.801
0,12.805
0,12.809
8,12.813
8,12.816
8,12.82
8,12.824
8,12.828
8,12.832
8,12.836
8,12.84
8,12.844
8,12.848
8,12.852
8,12.855
0,12.859
0,12.863
0,12.867
0,12.871
0,12.875
8,12.879
8,12.883
8,12.887
8,12.891
8,12.895
8,12.898
8,12.902
8,12.906
8,12.91
8,12.914
8,12.918
8,12.922
0,12.926
0,12.93
0,12.934
0,12.938
0,12.941
8,12.945
8,12.949
8,12.953
8,12.957
8,12.961
8,12.965
8,12.969
8,12.973
8,12.977
8,12.98
8,12.984
8,12.988
0,12.992
0,12.996
0,13
0,13.004
0,13.008
8,13.012
8,13.016
8,13.02
8,13.023
8,13.027
8,13.031
8,13.035
8,13.039
8,13.043
8,13.047
8,13.051
8,13.055
0,13.059
0,13.063
0,13.066
0,13.07
8,13.074
8,13.078
8,13.082
8,13.086
8,13.09
8,13.094
8,13.098
8,13.102
8,13.105
8,13.109
8,13.113
8,13.117
8,13.121
0,13.125
0,13.129
0,13.133
0,13.137
8,13.141
8,13.145
8,13.148
8,13.152
8,13.156
8,13.16
8,13.164
8,13.168
8,13.172
8,13.176
8,13.18
8,13.184
0,13.188
0,13.191
0,13.195
0,13.199
0,13.203
8,13.207
8,13.211
8,13.215
8,13.219
8,13.223
8,13.227
8,13.23
8,13.234
8,13.238
8,13.242
8,13.246
8,13.25
0,13.254
0,13.258
0,13.262
0,13.266
0,13.27
8,13.273
8,13.277
8,13.281
8,13.285
8,13.289
8,13.293
8,13.297
8,13.301
8,13.305
8,13.309
8,13.313
8,13.316
0,13.32
0,13.324
0,13.328
0,13.332
0,13.336
8,13.34
8,13.344
8,13.348
8,13.352
8,13.355
8,13.359
8,13.363
8,13.367
8,13.371
8,13.375
8,13.379
8,13.383
0,13.387
0,13.391
0,13.395
0,13.398
0,13.402
8,13.406
8,13.41
8,13.414
8,13.418
8,13.422
8,13.426
8,13.43
8,13.434
8,13.438
8,13.441
8,13.445
8,13.449
0,13.453
0,13.457
0,13.461
0,13.465
0,13.469
8,13.473
8,13.477
8,13.48
8,13.484
8,13.488
8,13.492
8,13.496
8,13.5
8,13.504
8,13.508
8,13.512
8,13.516
0,13.52
0,13.523
0,13.527
0,13.531
0,13.535
8,13.539
8,13.543
8,13.547
8,13.551
8,13.555
8,13.559
8,13.563
8,13.566
8,13.57
8,13.574
8,13.578
8,13.582
0,13.586
0,13.59
0,13.594
0,13.598
0,13.602
8,13.605
8,13.609
8,13.613
8,13.617
8,13.621
8,13.625
8,13.629
8,13.633
8,13.637
8,13.641
8,13.645
8,13.648
0,13.652
0,13.656
0,13.66
0,13.664
0,13.668
8,13.672
8,13.676
8,13.68
8,13.684
8,13.688
8,13.691
8,13.695
8,13.699
8,13.703
8,13.707
8,13.711
8,13.715
0,13.719
0,13.723
0,13.727
0,13.73
0,13.734
8,13.738
8,13.742
8,13.746
8,13.75
8,13.754
8,13.758
8,13.762
8,13.766
8,13.77
8,13.773
8,13.777
8,13.781
0,13.785
0,13.789
0,13.793
0,13.797
8,13.801
8,13.805
8,13.809
8,13.813
8,13.816
8,13.82
8,13.824
8,13.828
8,13.832
8,13.836
8,13.84
8,13.844
8,13.848
0,13.852
0,13.855
0,13.859
0,13.863
8,13.867
8,13.871
8,13.875
8,13.879
8,13.883
8,13.887
8,13.891
8,13.895
8,13.898
8,13.902
8,13.906
8,13.91
0,13.914
0,13.918
0,13.922
0,13.926
0,13.93
0,13.934
0,13.938
0,13.941
0,13.945
0,13.949
0,13.953
0,13.957
0,13.961
0,13.965
0,13.969
0,13.973
0,13.977
0,13.98
0,13.984
0,13.988
0,13.992
0,13.996
0,14
0,14.004
0,14.008
0,14.012
0,14.016
0,14.02
0,14.023
0,14.027
0,14.031
0,14.035
0,14.039
0,14.043
0,14.047
0,14.051
0,14.055
0,14.059
0,14.063
0,14.066
0,14.07
0,14.074
0,14.078
0,14.082
0,14.086
0,14.09
0,14.094
0,14.098
0,14.102
0,14.105
0,14.109
0,14.113
0,14.117
0,14.121
0,14.125
0,14.129
0,14.133
0,14.137
0,14.141
0,14.145
0,14.148
0,14.152
0,14.156
0,14.16
0,14.164
0,14.168
0,14.172
0,14.176
0,14.18
0,14.184
0,14.188
0,14.191
0,14.195
0,14.199
0,14.203
0,14.207
0,14.211
0,14.215
0,14.219
0,14.223
0,14.227
0,14.23
0,14.234
0,14.238
0,14.242
0,14.246
0,14.25
0,14.254
0,14.258
0,14.262
0,14.266
0,14.27
0,14.273
0,14.277
0,14.281
0,14.285
0,14.289
0,14.293
0,14.297
0,14.301
0,14.305
0,14.309
0,14.313
0,14.316
0,14.32
0,14.324
0,14.328
0,14.332
0,14.336
0,14.34
0,14.344
0,14.348
0,14.352
0,14.355
0,14.359
0,14.363
0,14.367
0,14.371
0,14.375
0,14.379
0,14.383
0,14.387
0,14.391
0,14.395
0,14.398
0,14.402
0,14.406
0,14.41
0,14.414
0,14.418
0,14.422
0,14.426
0,14.43
0,14.434
0,14.438
0,14.441
0,14.445
0,14.449
0,14.453
0,14.457
0,14.461
0,14.465
0,14.469
0,14.473
0,14.477
0,14.48
0,14.484
0,14.488
0,14.492
0,14.496
0,14.5
0,14.504
0,14.508
0,14.512
0,14.516
0,14.52
0,14.523
0,14.527
0,14.531
0,14.535
0,14.539
0,14.543
0,14.547
0,14.551
0,14.555
0,14.559
0,14.563
0,14.566
0,14.57
0,14.574
0,14.578
0,14.582
0,14.586
0,14.59
0,14.594
0,14.598
0,14.602
0,14.605
0,14.609
0,14.613
0,14.617
0,14.621
0,14.625
0,14.629
0,14.633
0,14.637
0,14.641
0,14.645
0,14.648
0,14.652
0,14.656
0,14.66
0,14.664
0,14.668
0,14.672
0,14.676
0,14.68
0,14.684
0,14.688
0,14.691
0,14.695
0,14.699
0,14.703
0,14.707
0,14.711
0,14.715
0,14.719
0,14.723
0,14.727
0,14.73
0,14.734
0,14.738
0,14.742
0,14.746
0,14.75
0,14.754
0,14.758
0,14.762
0,14.766
0,14.77
0,14.773
0,14.777
0,14.781
0,14.785
0,14.789
0,14.793
0,14.797
0,14.801
0,14.805
0,14.809
0,14.813
0,14.816
0,14.82
0,14.824
0,14.828
0,14.832
0,14.836
0,14.84
0,14.844
0,14.848
0,14.852
0,14.855
0,14.859
0,14.863
0,14.867
0,14.871
0,14.875
0,14.879
0,14.883
0,14.887
0,14.891
0,14.895
0,14.898
0,14.902
0,14.906
0,14.91
0,14.914
0,14.918
0,14.922
0,14.926
0,14.93
0,14.934
0,14.938
0,14.941
0,14.945
0,14.949
0,14.953
0,14.957
0,14.961
0,14.965
0,14.969
0,14.973
0,14.977
0,14.98
0,14.984
0,14.988
0,14.992
0,14.996
0,15
0,15.004
0,15.008
0,15.012
0,15.016
0,15.02
0,15.023
0,15.027
0,15.031
0,15.035
0,15.039
0,15.043
0,15.047
0,15.051
0,15.055
0,15.059
0,15.063
0,15.066
0,15.07
0,15.074
0,15.078
0,15.082
0,15.086
0,15.09
0,15.094
0,15.098
0,15.102
0,15.105
0,15.109
0,15.113
0,15.117
0,15.121
0,15.125
0,15.129
0,15.133
0,15.137
0,15.141
0,15.145
0,15.148
0,15.152
0,15.156
0,15.16
0,15.164
0,15.168
0,15.172
0,15.176
0,15.18
0,15.184
0,15.188
0,15.191
0,15.195
0,15.199
0,15.203
0,15.207
0,15.211
0,15.215
0,15.219
0,15.223
0,15.227
0,15.23
0,15.234
0,15.238
0,15.242
0,15.246
0,15.25
0,15.254
0,15.258
0,15.262
0,15.266
0,15.27
0,15.273
0,15.277
0,15.281
0,15.285
0,15.289
0,15.293
0,15.297
0,15.301
0,15.305
0,15.309
0,15.313
0,15.316
0,15.32
0,15.324
0,15.328
0,15.332
0,15.336
0,15.34
0,15.344
0,15.348
0,15.352
0,15.355
0,15.359
0,15.363
0,15.367
0,15.371
0,15.375
0,15.379
0,15.383
0,15.387
0,15.391
0,15.395
0,15.398
0,15.402
0,15.406
0,15.41
0,15.414
0,15.418
0,15.422
0,15.426
0,15.43
0,15.434
0,15.438
0,15.441
0,15.445
0,15.449
0,15.453
0,15.457
0,15.461
0,15.465
0,15.469
0,15.473
0,15.477
0,15.48
0,15.484
0,15.488
0,15.492
0,15.496
0,15.5
0,15.504
0,15.508
0,15.512
0,15.516
0,15.52
0,15.523
0,15.527
0,15.531
0,15.535
0,15.539
0,15.543
0,15.547
0,15.551
0,15.555
0,15.559
0,15.563
0,15.566
0,15.57
0,15.574
0,15.578
0,15.582
0,15.586
0,15.59
0,15.594
0,15.598
0,15.602
0,15.605
0,15.609
0,15.613
0,15.617
0,15.621
0,15.625
0,15.629
0,15.633
0,15.637
0,15.641
0,15.645
0,15.648
0,15.652
0,15.656
0,15.66
0,15.664
0,15.668
0,15.672
0,15.676
0,15.68
0,15.684
0,15.688
0,15.691
0,15.695
0,15.699
0,15.703
0,15.707
0,15.711
0,15.715
0,15.719
0,15.723
0,15.727
0,15.73
0,15.734
0,15.738
0,15.742
0,15.746
0,15.75
0,15.754
0,15.758
0,15.762
0,15.766
0,15.77
0,15.773
0,15.777
0,15.781
0,15.785
0,15.789
0,15.793
0,15.797
0,15.801
0,15.805
0,15.809
0,15.813
0,15.816
0,15.82
0,15.824
0,15.828
0,15.832
0,15.836
0,15.84
0,15.844
0,15.848
0,15.852
0,15.855
0,15.859
0,15.863
0,15.867
0,15.871
0,15.875
0,15.879
0,15.883
0,15.887
0,15.891
0,15.895
0,15.898
0,15.902
0,15.906
0,15.91
0,15.914
0,15.918
0,15.922
0,15.926
0,15.93
0,15.934
0,15.938
0,15.941
0,15.945
0,15.949
0,15.953
0,15.957
0,15.961
0,15.965
0,15.969
0,15.973
0,15.977
0,15.98
0,15.984
0,15.988
0,15.992
0,15.996
0,16
0,16.004
0,16.008
0,16.012
0,16.016
0,16.02
0,16.023
0,16.027
0,16.031
0,16.035
0,16.039
0,16.043
0,16.047
0,16.051
0,16.055
0,16.059
0,16.063
0,16.066
0,16.07
0,16.074
0,16.078
0,16.082
0,16.086
0,16.09
0,16.094
0,16.098
0,16.102
0,16.105
0,16.109
0,16.113
0,16.117
0,16.121
0,16.125
0,16.129
0,16.133
0,16.137
0,16.141
0,16.145
0,16.148
0,16.152
0,16.156
0,16.16
0,16.164
0,16.168
0,16.172
0,16.176
0,16.18
0,16.184
0,16.188
0,16.191
0,16.195
0,16.199
0,16.203
0,16.207
0,16.211
0,16.215
0,16.219
0,16.223
0,16.227
0,16.23
0,16.234
0,16.238
0,16.242
0,16.246
0,16.25
0,16.254
0,16.258
0,16.262
0,16.266
0,16.27
0,16.273
0,16.277
0,16.281
0,16.285
0,16.289
0,16.293
0,16.297
0,16.301
0,16.305
0,16.309
0,16.313
0,16.316
0,16.32
0,16.324
0,16.328
0,16.332
0,16.336
0,16.34
0,16.344
0,16.348
0,16.352
0,16.355
0,16.359
0,16.363
0,16.367
0,16.371
0,16.375
0,16.379
0,16.383
0,16.387
0,16.391
0,16.395
0,16.398
0,16.402
0,16.406
0,16.41
0,16.414
0,16.418
0,16.422
0,16.426
0,16.43
0,16.434
0,16.438
0,16.441
0,16.445
0,16.449
0,16.453
0,16.457
0,16.461
0,16.465
0,16.469
0,16.473
0,16.477
0,16.48
0,16.484
0,16.488
0,16.492
0,16.496
0,16.5
0,16.504
0,16.508
0,16.512
0,16.516
0,16.52
0,16.523
0,16.527
0,16.531
0,16.535
0,16.539
0,16.543
0,16.547
0,16.551
0,16.555
0,16.559
0,16.563
0,16.566
0,16.57
0,16.574
0,16.578
0,16.582
0,16.586
0,16.59
0,16.594
0,16.598
0,16.602
0,16.605
0,16.609
0,16.613
0,16.617
0,16.621
0,16.625
0,16.629
0,16.633
0,16.637
0,16.641
0,16.645
0,16.648
0,16.652
0,16.656
0,16.66
0,16.664
0,16.668
0,16.672
0,16.676
0,16.68
0,16.684
0,16.688
0,16.691
0,16.695
0,16.699
0,16.703
0,16.707
0,16.711
0,16.715
0,16.719
0,16.723
0,16.727
0,16.73
0,16.734
0,16.738
0,16.742
0,16.746
0,16.75
0,16.754
0,16.758
0,16.762
0,16.766
0,16.77
0,16.773
0,16.777
0,16.781
0,16.785
0,16.789
0,16.793
0,16.797
0,16.801
0,16.805
0,16.809
0,16.813
0,16.816
0,16.82
0,16.824
0,16.828
0,16.832
0,16.836
0,16.84
0,16.844
0,16.848
0,16.852
0,16.855
0,16.859
0,16.863
0,16.867
0,16.871
0,16.875
0,16.879
0,16.883
0,16.887
0,16.891
0,16.895
0,16.898
0,16.902
0,16.906
0,16.91
0,16.914
0,16.918
0,16.922
0,16.926
0,16.93
0,16.934
0,16.938
8,16.941
8,16.945
8,16.949
8,16.953
8,16.957
8,16.961
8,16.965
8,16.969
8,16.973
8,16.977
8,16.98
8,16.984
0,16.988
0,16.992
0,16.996
0,17
0,17.004
8,17.008
8,17.012
8,17.016
8,17.02
8,17.023
8,17.027
8,17.031
8,17.035
8,17.039
8,17.043
8,17.047
8,17.051
0,17.055
0,17.059
0,17.063
0,17.066
0,17.07
8,17.074
8,17.078
8,17.082
8,17.086
8,17.09
8,17.094
8,17.098
8,17.102
8,17.105
8,17.109
8,17.113
0,17.117
0,17.121
0,17.125
0,17.129
0,17.133
8,17.137
8,17.141
8,17.145
8,17.148
8,17.152
8,17.156
8,17.16
8,17.164
8,17.168
8,17.172
8,17.176
8,17.18
0,17.184
0,17.188
0,17.191
0,17.195
0,17.199
0,17.203
0,17.207
0,17.211
0,17.215
0,17.219
0,17.223
0,17.227
0,17.23
0,17.234
0,17.238
0,17.242
0,17.246
0,17.25
0,17.254
0,17.258
0,17.262
0,17.266
8,17.27
8,17.273
8,17.277
8,17.281
8,17.285
8,17.289
8,17.293
8,17.297
8,17.301
8,17.305
8,17.309
8,17.313
8,17.316
8,17.32
8,17.324
8,17.328
8,17.332
8,17.336
8,17.34
8,17.344
8,17.348
8,17.352
8,17.355
8,17.359
8,17.363
8,17.367
8,17.371
8,17.375
8,17.379
8,17.383
8,17.387
8,17.391
8,17.395
8,17.398
8,17.402
8,17.406
8,17.41
8,17.414
0,17.418
0,17.422
0,17.426
0,17.43
8,17.434
8,17.438
8,17.441
8,17.445
8,17.449
8,17.453
8,17.457
8,17.461
8,17.465
8,17.469
8,17.473
8,17.477
8,17.48
8,17.484
8,17.488
8,17.492
8,17.496
8,17.5
8,17.504
8,17.508
8,17.512
8,17.516
8,17.52
8,17.523
8,17.527
8,17.531
8,17.535
8,17.539
8,17.543
0,17.547
0,17.551
0,17.555
0,17.559
0,17.563
8,17.566
8,17.57
8,17.574
8,17.578
8,17.582
8,17.586
8,17.59
8,17.594
8,17.598
8,17.602
8,17.605
8,17.609
8,17.613
8,17.617
8,17.621
8,17.625
8,17.629
8,17.633
8,17.637
8,17.641
8,17.645
8,17.648
8,17.652
8,17.656
8,17.66
8,17.664
8,17.668
8,17.672
8,17.676
0,17.68
0,17.684
0,17.688
0,17.691
0,17.695
8,17.699
8,17.703
8,17.707
8,17.711
8,17.715
8,17.719
8,17.723
8,17.727
8,17.73
8,17.734
8,17.738
8,17.742
0,17.746
0,17.75
0,17.754
0,17.758
0,17.762
8,17.766
8,17.77
8,17.773
8,17.777
8,17.781
8,17.785
8,17.789
8,17.793
8,17.797
8,17.801
8,17.805
8,17.809
0,17.813
0,17.816
0,17.82
0,17.824
0,17.828
8,17.832
8,17.836
8,17.84
8,17.844
8,17.848
8,17.852
8,17.855
8,17.859
8,17.863
8,17.867
8,17.871
8,17.875
0,17.879
0,17.883
0,17.887
0,17.891
0,17.895
8,17.898
8,17.902
8,17.906
8,17.91
8,17.914
8,17.918
8,17.922
8,17.926
8,17.93
8,17.934
8,17.938
8,17.941
0,17.945
0,17.949
0,17.953
0,17.957
0,17.961
8,17.965
8,17.969
8,17.973
8,17.977
8,17.98
8,17.984
8,17.988
8,17.992
8,17.996
8,18
8,18.004
8,18.008
0,18.012
0,18.016
0,18.02
0,18.023
8,18.027
8,18.031
8,18.035
8,18.039
8,18.043
8,18.047
8,18.051
8,18.055
8,18.059
8,18.063
8,18.066
8,18.07
8,18.074
0,18.078
0,18.082
0,18.086
0,18.09
8,18.094
8,18.098
8,18.102
8,18.105
8,18.109
8,18.113
8,18.117
8,18.121
8,18.125
8,18.129
8,18.133
8,18.137
0,18.141
0,18.145
0,18.148
0,18.152
0,18.156
8,18.16
8,18.164
8,18.168
8,18.172
8,18.176
8,18.18
8,18.184
8,18.188
8,18.191
8,18.195
8,18.199
8,18.203
0,18.207
0,18.211
0,18.215
0,18.219
0,18.223
8,18.227
8,18.23
8,18.234
8,18.238
8,18.242
8,18.246
8,18.25
8,18.254
8,18.258
8,18.262
8,18.266
8,18.27
0,18.273
0,18.277
0,18.281
0,18.285
0,18.289
8,18.293
8,18.297
8,18.301
8,18.305
8,18.309
8,18.313
8,18.316
8,18.32
8,18.324
8,18.328
8,18.332
8,18.336
0,18.34
0,18.344
0,18.348
0,18.352
0,18.355
8,18.359
8,18.363
8,18.367
8,18.371
8,18.375
8,18.379
8,18.383
8,18.387
8,18.391
8,18.395
8,18.398
8,18.402
0,18.406
0,18.41
0,18.414
0,18.418
0,18.422
8,18.426
8,18.43
8,18.434
8,18.438
8,18.441
8,18.445
8,18.449
8,18.453
8,18.457
8,18.461
8,18.465
8,18.469
0,18.473
0,18.477
0,18.48
0,18.484
0,18.488
8,18.492
8,18.496
8,18.5
8,18.504
8,18.508
8,18.512
8,18.516
8,18.52
8,18.523
8,18.527
8,18.531
8,18.535
0,18.539
0,18.543
0,18.547
0,18.551
0,18.555
8,18.559
8,18.563
8,18.566
8,18.57
8,18.574
8,18.578
8,18.582
8,18.586
8,18.59
8,18.594
8,18.598
8,18.602
0,18.605
0,18.609
0,18.613
0,18.617
0,18.621
8,18.625
8,18.629
8,18.633
8,18.637
8,18.641
8,18.645
8,18.648
8,18.652
8,18.656
8,18.66
8,18.664
8,18.668
0,18.672
0,18.676
0,18.68
0,18.684
0,18.688
8,18.691
8,18.695
8,18.699
8,18.703
8,18.707
8,18.711
8,18.715
8,18.719
8,18.723
8,18.727
8,18.73
8,18.734
0,18.738
0,18.742
0,18.746
0,18.75
0,18.754
8,18.758
8,18.762
8,18.766
8,18.77
8,18.773
8,18.777
8,18.781
8,18.785
8,18.789
8,18.793
8,18.797
8,18.801
0,18.805
0,18.809
0,18.813
0,18.816
0,18.82
8,18.824
8,18.828
8,18.832
8,18.836
8,18.84
8,18.844
8,18.848
8,18.852
8,18.855
8,18.859
8,18.863
0,18.867
0,18.871
0,18.875
0,18.879
0,18.883
0,18.887
8,18.891
8,18.895
8,18.898
8,18.902
8,18.906
8,18.91
8,18.914
8,18.918
8,18.922
8,18.926
8,18.93
0,18.934
0,18.938
0,18.941
0,18.945
0,18.949
8,18.953
8,18.957
8,18.961
8,18.965
8,18.969
8,18.973
8,18.977
8,18.98
8,18.984
8,18.988
8,18.992
8,18.996
0,19
0,19.004
0,19.008
0,19.012
0,19.016
8,19.02
8,19.023
8,19.027
8,19.031
8,19.035
8,19.039
8,19.043
8,19.047
8,19.051
8,19.055
8,19.059
8,19.063
0,19.066
0,19.07
0,19.074
0,19.078
0,19.082
8,19.086
8,19.09
8,19.094
8,19.098
8,19.102
8,19.105
8,19.109
8,19.113
8,19.117
8,19.121
8,19.125
8,19.129
0,19.133
0,19.137
0,19.141
0,19.145
0,19.148
8,19.152
8,19.156
8,19.16
8,19.164
8,19.168
8,19.172
8,19.176
8,19.18
8,19.184
8,19.188
8,19.191
8,19.195
0,19.199
0,19.203
0,19.207
0,19.211
0,19.215
8,19.219
8,19.223
8,19.227
8,19.23
8,19.234
8,19.238
8,19.242
8,19.246
8,19.25
8,19.254
8,19.258
8,19.262
0,19.266
0,19.27
0,19.273
0,19.277
0,19.281
8,19.285
8,19.289
8,19.293
8,19.297
8,19.301
8,19.305
8,19.309
8,19.313
8,19.316
8,19.32
8,19.324
8,19.328
0,19.332
0,19.336
0,19.34
0,19.344
0,19.348
8,19.352
8,19.355
8,19.359
8,19.363
8,19.367
8,19.371
8,19.375
8,19.379
8,19.383
8,19.387
8,19.391
8,19.395
0,19.398
0,19.402
0,19.406
0,19.41
0,19.414
8,19.418
8,19.422
8,19.426
8,19.43
8,19.434
8,19.438
8,19.441
8,19.445
8,19.449
8,19.453
8,19.457
8,19.461
0,19.465
0,19.469
0,19.473
0,19.477
8,19.48
8,19.484
8,19.488
8,19.492
8,19.496
8,19.5
8,19.504
8,19.508
8,19.512
8,19.516
8,19.52
8,19.523
8,19.527
0,19.531
0,19.535
0,19.539
0,19.543
8,19.547
8,19.551
8,19.555
8,19.559
8,19.563
8,19.566
8,19.57
8,19.574
8,19.578
8,19.582
8,19.586
8,19.59
0,19.594
0,19.598
0,19.602
0,19.605
0,19.609
8,19.613
8,19.617
8,19.621
8,19.625
8,19.629
8,19.633
8,19.637
8,19.641
8,19.645
8,19.648
8,19.652
8,19.656
0,19.66
0,19.664
0,19.668
0,19.672
0,19.676
8,19.68
8,19.684
8,19.688
8,19.691
8,19.695
8,19.699
8,19.703
8,19.707
8,19.711
8,19.715
8,19.719
8,19.723
0,19.727
0,19.73
0,19.734
0,19.738
0,19.742
8,19.746
8,19.75
8,19.754
8,19.758
8,19.762
8,19.766
8,19.77
8,19.773
8,19.777
8,19.781
8,19.785
8,19.789
0,19.793
0,19.797
0,19.801
0,19.805
0,19.809
8,19.813
8,19.816
8,19.82
8,19.824
8,19.828
8,19.832
8,19.836
8,19.84
8,19.844
8,19.848
8,19.852
8,19.855
0,19.859
0,19.863
0,19.867
0,19.871
0,19.875
8,19.879
8,19.883
8,19.887
8,19.891
8,19.895
8,19.898
8,19.902
8,19.906
8,19.91
8,19.914
8,19.918
8,19.922
0,19.926
0,19.93
0,19.934
0,19.938
0,19.941
0,19.945
0,19.949
0,19.953
0,19.957
0,19.961
0,19.965
0,19.969
0,19.973
0,19.977
0,19.98
0,19.984
0,19.988
0,19.992
0,19.996
0,20
0,20.004
0,20.008
0,20.012
0,20.016
0,20.02
0,20.023
0,20.027
0,20.031
0,20.035
0,20.039
0,20.043
0,20.047
0,20.051
0,20.055
0,20.059
0,20.063
0,20.066
0,20.07
0,20.074
0,20.078
0,20.082
0,20.086
0,20.09
0,20.094
0,20.098
0,20.102
0,20.105
0,20.109
0,20.113
0,20.117
0,20.121
0,20.125
0,20.129
0,20.133
0,20.137
0,20.141
0,20.145
0,20.148
0,20.152
0,20.156
0,20.16
0,20.164
0,20.168
0,20.172
0,20.176
0,20.18
0,20.184
0,20.188
0,20.191
0,20.195
0,20.199
0,20.203
0,20.207
0,20.211
0,20.215
0,20.219
0,20.223
0,20.227
0,20.23
0,20.234
0,20.238
0,20.242
0,20.246
0,20.25
0,20.254
0,20.258
0,20.262
0,20.266
0,20.27
0,20.273
0,20.277
0,20.281
0,20.285
0,20.289
0,20.293
0,20.297
0,20.301
0,20.305
0,20.309
0,20.313
0,20.316
0,20.32
0,20.324
0,20.328
0,20.332
0,20.336
0,20.34
0,20.344
0,20.348
0,20.352
0,20.355
0,20.359
0,20.363
0,20.367
0,20.371
0,20.375
0,20.379
0,20.383
0,20.387
0,20.391
0,20.395
0,20.398
0,20.402
0,20.406
0,20.41
0,20.414
0,20.418
0,20.422
0,20.426
0,20.43
0,20.434
0,20.438
0,20.441
0,20.445
0,20.449
0,20.453
0,20.457
0,20.461
0,20.465
0,20.469
0,20.473
0,20.477
0,20.48
0,20.484
0,20.488
0,20.492
0,20.496
0,20.5
0,20.504
0,20.508
0,20.512
0,20.516
0,20.52
0,20.523
0,20.527
0,20.531
0,20.535
0,20.539
0,20.543
0,20.547
0,20.551
0,20.555
0,20.559
0,20.563
0,20.566
0,20.57
0,20.574
0,20.578
0,20.582
0,20.586
0,20.59
0,20.594
0,20.598
0,20.602
0,20.605
0,20.609
0,20.613
0,20.617
0,20.621
0,20.625
0,20.629
0,20.633
0,20.637
0,20.641
0,20.645
0,20.648
0,20.652
0,20.656
0,20.66
0,20.664
0,20.668
0,20.672
0,20.676
0,20.68
0,20.684
0,20.688
0,20.691
0,20.695
0,20.699
0,20.703
0,20.707
0,20.711
0,20.715
0,20.719
0,20.723
0,20.727
0,20.73
0,20.734
0,20.738
0,20.742
0,20.746
0,20.75
0,20.754
0,20.758
0,20.762
0,20.766
0,20.77
0,20.773
0,20.777
0,20.781
0,20.785
0,20.789
0,20.793
0,20.797
0,20.801
0,20.805
0,20.809
0,20.813
0,20.816
0,20.82
0,20.824
0,20.828
0,20.832
0,20.836
0,20.84
0,20.844
0,20.848
0,20.852
0,20.855
0,20.859
0,20.863
0,20.867
0,20.871
0,20.875
0,20.879
0,20.883
0,20.887
0,20.891
0,20.895
0,20.898
0,20.902
0,20.906
0,20.91
0,20.914
0,20.918
0,20.922
0,20.926
0,20.93
0,20.934
0,20.938
0,20.941
0,20.945
0,20.949
0,20.953
0,20.957
0,20.961
0,20.965
0,20.969
0,20.973
0,20.977
0,20.98
0,20.984
0,20.988
0,20.992
0,20.996
0,21
0,21.004
0,21.008
0,21.012
0,21.016
0,21.02
0,21.023
0,21.027
0,21.031
0,21.035
0,21.039
0,21.043
0,21.047
0,21.051
0,21.055
0,21.059
0,21.063
0,21.066
0,21.07
0,21.074
0,21.078
0,21.082
0,21.086
0,21.09
0,21.094
0,21.098
0,21.102
0,21.105
0,21.109
0,21.113
0,21.117
0,21.121
0,21.125
0,21.129
0,21.133
0,21.137
0,21.141
0,21.145
0,21.148
0,21.152
0,21.156
0,21.16
0,21.164
0,21.168
0,21.172
0,21.176
0,21.18
0,21.184
0,21.188
0,21.191
0,21.195
0,21.199
0,21.203
0,21.207
0,21.211
0,21.215
0,21.219
0,21.223
0,21.227
0,21.23
0,21.234
0,21.238
0,21.242
0,21.246
0,21.25
0,21.254
0,21.258
0,21.262
0,21.266
0,21.27
0,21.273
0,21.277
0,21.281
0,21.285
0,21.289
0,21.293
0,21.297
0,21.301
0,21.305
0,21.309
0,21.313
0,21.316
0,21.32
0,21.324
0,21.328
0,21.332
0,21.336
0,21.34
0,21.344
0,21.348
0,21.352
0,21.355
0,21.359
0,21.363
0,21.367
0,21.371
0,21.375
0,21.379
0,21.383
0,21.387
0,21.391
0,21.395
0,21.398
0,21.402
0,21.406
0,21.41
0,21.414
0,21.418
0,21.422
0,21.426
0,21.43
0,21.434
0,21.438
0,21.441
0,21.445
0,21.449
0,21.453
0,21.457
0,21.461
0,21.465
0,21.469
0,21.473
0,21.477
0,21.48
0,21.484
0,21.488
0,21.492
0,21.496
0,21.5
0,21.504
0,21.508
0,21.512
0,21.516
0,21.52
0,21.523
0,21.527
0,21.531
0,21.535
0,21.539
0,21.543
0,21.547
0,21.551
0,21.555
0,21.559
0,21.563
0,21.566
0,21.57
0,21.574
0,21.578
0,21.582
0,21.586
0,21.59
0,21.594
0,21.598
0,21.602
0,21.605
0,21.609
0,21.613
0,21.617
0,21.621
0,21.625
0,21.629
0,21.633
0,21.637
0,21.641
0,21.645
0,21.648
0,21.652
0,21.656
0,21.66
0,21.664
0,21.668
0,21.672
0,21.676
0,21.68
0,21.684
0,21.688
0,21.691
0,21.695
0,21.699
0,21.703
0,21.707
0,21.711
0,21.715
0,21.719
0,21.723
0,21.727
0,21.73
0,21.734
0,21.738
0,21.742
0,21.746
0,21.75
0,21.754
0,21.758
0,21.762
0,21.766
0,21.77
0,21.773
0,21.777
0,21.781
0,21.785
0,21.789
0,21.793
0,21.797
0,21.801
0,21.805
0,21.809
0,21.813
0,21.816
0,21.82
0,21.824
0,21.828
0,21.832
0,21.836
0,21.84
0,21.844
0,21.848
0,21.852
0,21.855
0,21.859
0,21.863
0,21.867
0,21.871
0,21.875
0,21.879
0,21.883
0,21.887
0,21.891
0,21.895
0,21.898
0,21.902
0,21.906
0,21.91
0,21.914
0,21.918
0,21.922
0,21.926
0,21.93
0,21.934
0,21.938
0,21.941
0,21.945
0,21.949
0,21.953
0,21.957
0,21.961
0,21.965
0,21.969
0,21.973
0,21.977
0,21.98
0,21.984
0,21.988
0,21.992
0,21.996
0,22
0,22.004
0,22.008
0,22.012
0,22.016
0,22.02
0,22.023
0,22.027
0,22.031
0,22.035
0,22.039
0,22.043
0,22.047
0,22.051
0,22.055
0,22.059
0,22.063
0,22.066
0,22.07
0,22.074
0,22.078
0,22.082
0,22.086
0,22.09
0,22.094
0,22.098
0,22.102
0,22.105
0,22.109
0,22.113
0,22.117
0,22.121
0,22.125
0,22.129
0,22.133
0,22.137
0,22.141
0,22.145
0,22.148
0,22.152
0,22.156
0,22.16
0,22.164
0,22.168
0,22.172
0,22.176
0,22.18
0,22.184
0,22.188
0,22.191
0,22.195
0,22.199
0,22.203
0,22.207
0,22.211
0,22.215
0,22.219
0,22.223
0,22.227
0,22.23
0,22.234
0,22.238
0,22.242
0,22.246
0,22.25
0,22.254
0,22.258
0,22.262
0,22.266
0,22.27
0,22.273
0,22.277
0,22.281
0,22.285
0,22.289
0,22.293
0,22.297
0,22.301
0,22.305
0,22.309
0,22.313
0,22.316
0,22.32
0,22.324
0,22.328
0,22.332
0,22.336
0,22.34
0,22.344
0,22.348
0,22.352
0,22.355
0,22.359
0,22.363
0,22.367
0,22.371
0,22.375
0,22.379
0,22.383
0,22.387
0,22.391
0,22.395
0,22.398
0,22.402
0,22.406
0,22.41
0,22.414
0,22.418
0,22.422
0,22.426
0,22.43
0,22.434
0,22.438
0,22.441
0,22.445
0,22.449
0,22.453
0,22.457
0,22.461
0,22.465
0,22.469
0,22.473
0,22.477
0,22.48
0,22.484
0,22.488
0,22.492
0,22.496
0,22.5
0,22.504
0,22.508
0,22.512
0,22.516
0,22.52
0,22.523
0,22.527
0,22.531
0,22.535
0,22.539
0,22.543
0,22.547
0,22.551
0,22.555
0,22.559
0,22.563
0,22.566
0,22.57
0,22.574
0,22.578
0,22.582
0,22.586
0,22.59
0,22.594
0,22.598
0,22.602
0,22.605
0,22.609
0,22.613
0,22.617
0,22.621
0,22.625
0,22.629
0,22.633
0,22.637
0,22.641
0,22.645
0,22.648
0,22.652
0,22.656
0,22.66
0,22.664
0,22.668
0,22.672
0,22.676
0,22.68
0,22.684
0,22.688
0,22.691
0,22.695
0,22.699
0,22.703
0,22.707
0,22.711
0,22.715
0,22.719
0,22.723
0,22.727
0,22.73
0,22.734
0,22.738
0,22.742
0,22.746
0,22.75
0,22.754
0,22.758
0,22.762
0,22.766
0,22.77
0,22.773
0,22.777
0,22.781
0,22.785
0,22.789
0,22.793
0,22.797
0,22.801
0,22.805
0,22.809
0,22.813
0,22.816
0,22.82
0,22.824
0,22.828
0,22.832
0,22.836
0,22.84
0,22.844
0,22.848
0,22.852
0,22.855
0,22.859
0,22.863
0,22.867
0,22.871
0,22.875
0,22.879
0,22.883
0,22.887
0,22.891
0,22.895
0,22.898
0,22.902
0,22.906
0,22.91
0,22.914
0,22.918
0,22.922
0,22.926
0,22.93
0,22.934
0,22.938
0,22.941
0,22.945
8,22.949
8,22.953
8,22.957
8,22.961
8,22.965
8,22.969
8,22.973
8,22.977
8,22.98
8,22.984
8,22.988
8,22.992
0,22.996
0,23
0,23.004
0,23.008
0,23.012
8,23.016
8,23.02
8,23.023
8,23.027
8,23.031
8,23.035
8,23.039
8,23.043
8,23.047
8,23.051
8,23.055
8,23.059
0,23.063
0,23.066
0,23.07
0,23.074
0,23.078
8,23.082
8,23.086
8,23.09
8,23.094
8,23.098
8,23.102
8,23.105
8,23.109
8,23.113
8,23.117
8,23.121
8,23.125
8,23.129
8,23.133
8,23.137
8,23.141
8,23.145
8,23.148
8,23.152
8,23.156
8,23.16
8,23.164
8,23.168
8,23.172
8,23.176
8,23.18
8,23.184
8,23.188
8,23.191
0,23.195
0,23.199
0,23.203
0,23.207
0,23.211
8,23.215
8,23.219
8,23.223
8,23.227
8,23.23
8,23.234
8,23.238
8,23.242
8,23.246
8,23.25
8,23.254
8,23.258
0,23.262
0,23.266
0,23.27
0,23.273
0,23.277
8,23.281
8,23.285
8,23.289
8,23.293
8,23.297
8,23.301
8,23.305
8,23.309
8,23.313
8,23.316
8,23.32
8,23.324
8,23.328
8,23.332
8,23.336
8,23.34
8,23.344
8,23.348
8,23.352
8,23.355
0,23.359
0,23.363
0,23.367
0,23.371
0,23.375
0,23.379
0,23.383
0,23.387
0,23.391
0,23.395
0,23.398
0,23.402
0,23.406
0,23.41
8,23.414
8,23.418
8,23.422
8,23.426
8,23.43
8,23.434
8,23.438
8,23.441
8,23.445
8,23.449
8,23.453
8,23.457
0,23.461
0,23.465
0,23.469
0,23.473
0,23.477
0,23.48
0,23.484
0,23.488
0,23.492
0,23.496
0,23.5
0,23.504
0,23.508
0,23.512
0,23.516
0,23.52
0,23.523
0,23.527
0,23.531
0,23.535
0,23.539
8,23.543
8,23.547
8,23.551
8,23.555
8,23.559
8,23.563
8,23.566
8,23.57
8,23.574
8,23.578
8,23.582
8,23.586
8,23.59
8,23.594
8,23.598
8,23.602
8,23.605
8,23.609
8,23.613
8,23.617
8,23.621
0,23.625
0,23.629
0,23.633
0,23.637
0,23.641
8,23.645
8,23.648
8,23.652
8,23.656
8,23.66
8,23.664
8,23.668
8,23.672
8,23.676
8,23.68
8,23.684
8,23.688
0,23.691
0,23.695
0,23.699
0,23.703
0,23.707
8,23.711
8,23.715
8,23.719
8,23.723
8,23.727
8,23.73
8,23.734
8,23.738
8,23.742
8,23.746
8,23.75
8,23.754
0,23.758
0,23.762
0,23.766
0,23.77
0,23.773
8,23.777
8,23.781
8,23.785
8,23.789
8,23.793
8,23.797
8,23.801
8,23.805
8,23.809
8,23.813
8,23.816
8,23.82
0,23.824
0,23.828
0,23.832
0,23.836
8,23.84
8,23.844
8,23.848
8,23.852
8,23.855
8,23.859
8,23.863
8,23.867
8,23.871
8,23.875
8,23.879
8,23.883
0,23.887
0,23.891
0,23.895
0,23.898
0,23.902
8,23.906
8,23.91
8,23.914
8,23.918
8,23.922
8,23.926
8,23.93
8,23.934
8,23.938
8,23.941
8,23.945
8,23.949
0,23.953
0,23.957
0,23.961
0,23.965
0,23.969
8,23.973
8,23.977
8,23.98
8,23.984
8,23.988
8,23.992
8,23.996
8,24
8,24.004
8,24.008
8,24.012
8,24.016
0,24.02
0,24.023
0,24.027
0,24.031
0,24.035
8,24.039
8,24.043
8,24.047
8,24.051
8,24.055
8,24.059
8,24.063
8,24.066
8,24.07
8,24.074
8,24.078
8,24.082
0,24.086
0,24.09
0,24.094
0,24.098
0,24.102
8,24.105
8,24.109
8,24.113
8,24.117
8,24.121
8,24.125
8,24.129
8,24.133
8,24.137
8,24.141
8,24.145
8,24.148
0,24.152
0,24.156
0,24.16
0,24.164
0,24.168
8,24.172
8,24.176
8,24.18
8,24.184
8,24.188
8,24.191
8,24.195
8,24.199
8,24.203
8,24.207
8,24.211
8,24.215
0,24.219
0,24.223
0,24.227
0,24.23
0,24.234
8,24.238
8,24.242
8,24.246
8,24.25
8,24.254
8,24.258
8,24.262
8,24.266
8,24.27
8,24.273
8,24.277
8,24.281
0,24.285
0,24.289
0,24.293
0,24.297
0,24.301
8,24.305
8,24.309
8,24.313
8,24.316
8,24.32
8,24.324
8,24.328
8,24.332
8,24.336
8,24.34
8,24.344
8,24.348
0,24.352
0,24.355
0,24.359
0,24.363
0,24.367
8,24.371
8,24.375
8,24.379
8,24.383
8,24.387
8,24.391
8,24.395
8,24.398
8,24.402
8,24.406
8,24.41
8,24.414
0,24.418
0,24.422
0,24.426
0,24.43
0,24.434
8,24.438
8,24.441
8,24.445
8,24.449
8,24.453
8,24.457
8,24.461
8,24.465
8,24.469
8,24.473
8,24.477
8,24.48
0,24.484
0,24.488
0,24.492
0,24.496
0,24.5
8,24.504
8,24.508
8,24.512
8,24.516
8,24.52
8,24.523
8,24.527
8,24.531
8,24.535
8,24.539
8,24.543
8,24.547
0,24.551
0,24.555
0,24.559
0,24.563
8,24.566
8,24.57
8,24.574
8,24.578
8,24.582
8,24.586
8,24.59
8,24.594
8,24.598
8,24.602
8,24.605
8,24.609
0,24.613
0,24.617
0,24.621
0,24.625
0,24.629
8,24.633
8,24.637
8,24.641
8,24.645
8,24.648
8,24.652
8,24.656
8,24.66
8,24.664
8,24.668
8,24.672
8,24.676
0,24.68
0,24.684
0,24.688
0,24.691
0,24.695
8,24.699
8,24.703
8,24.707
8,24.711
8,24.715
8,24.719
8,24.723
8,24.727
8,24.73
8,24.734
8,24.738
8,24.742
0,24.746
0,24.75
0,24.754
0,24.758
0,24.762
8,24.766
8,24.77
8,24.773
8,24.777
8,24.781
8,24.785
8,24.789
8,24.793
8,24.797
8,24.801
8,24.805
8,24.809
0,24.813
0,24.816
0,24.82
0,24.824
0,24.828
8,24.832
8,24.836
8,24.84
8,24.844
8,24.848
8,24.852
8,24.855
8,24.859
8,24.863
8,24.867
8,24.871
8,24.875
0,24.879
0,24.883
0,24.887
0,24.891
0,24.895
8,24.898
8,24.902
8,24.906
8,24.91
8,24.914
8,24.918
8,24.922
8,24.926
8,24.93
8,24.934
8,24.938
8,24.941
0,24.945
0,24.949
0,24.953
0,24.957
0,24.961
8,24.965
8,24.969
8,24.973
8,24.977
8,24.98
8,24.984
8,24.988
8,24.992
8,24.996
8,25
8,25.004
8,25.008
0,25.012
0,25.016
0,25.02
0,25.023
0,25.027
8,25.031
8,25.035
8,25.039
8,25.043
8,25.047
8,25.051
8,25.055
8,25.059
8,25.063
8,25.066
8,25.07
8,25.074
0,25.078
0,25.082
0,25.086
0,25.09
0,25.094
8,25.098
8,25.102
8,25.105
8,25.109
8,25.113
8,25.117
8,25.121
8,25.125
8,25.129
8,25.133
8,25.137
8,25.141
0,25.145
0,25.148
0,25.152
0,25.156
0,25.16
8,25.164
8,25.168
8,25.172
8,25.176
8,25.18
8,25.184
8,25.188
8,25.191
8,25.195
8,25.199
8,25.203
8,25.207
0,25.211
0,25.215
0,25.219
0,25.223
8,25.227
8,25.23
8,25.234
8,25.238
8,25.242
8,25.246
8,25.25
8,25.254
8,25.258
8,25.262
8,25.266
8,25.27
0,25.273
0,25.277
0,25.281
0,25.285
0,25.289
8,25.293
8,25.297
8,25.301
8,25.305
8,25.309
8,25.313
8,25.316
8,25.32
8,25.324
8,25.328
8,25.332
8,25.336
0,25.34
0,25.344
0,25.348
0,25.352
0,25.355
8,25.359
8,25.363
8,25.367
8,25.371
8,25.375
8,25.379
8,25.383
8,25.387
8,25.391
8,25.395
8,25.398
8,25.402
0,25.406
0,25.41
0,25.414
0,25.418
0,25.422
8,25.426
8,25.43
8,25.434
8,25.438
8,25.441
8,25.445
8,25.449
8,25.453
8,25.457
8,25.461
8,25.465
8,25.469
0,25.473
0,25.477
0,25.48
0,25.484
0,25.488
8,25.492
8,25.496
8,25.5
8,25.504
8,25.508
8,25.512
8,25.516
8,25.52
8,25.523
8,25.527
8,25.531
8,25.535
0,25.539
0,25.543
0,25.547
0,25.551
0,25.555
8,25.559
8,25.563
8,25.566
8,25.57
8,25.574
8,25.578
8,25.582
8,25.586
8,25.59
8,25.594
8,25.598
8,25.602
0,25.605
0,25.609
0,25.613
0,25.617
0,25.621
8,25.625
8,25.629
8,25.633
8,25.637
8,25.641
8,25.645
8,25.648
8,25.652
8,25.656
8,25.66
8,25.664
8,25.668
0,25.672
0,25.676
0,25.68
0,25.684
0,25.688
8,25.691
8,25.695
8,25.699
8,25.703
8,25.707
8,25.711
8,25.715
8,25.719
8,25.723
8,25.727
8,25.73
8,25.734
0,25.738
0,25.742
0,25.746
0,25.75
0,25.754
8,25.758
8,25.762
8,25.766
8,25.77
8,25.773
8,25.777
8,25.781
8,25.785
8,25.789
8,25.793
8,25.797
8,25.801
0,25.805
0,25.809
0,25.813
0,25.816
0,25.82
8,25.824
8,25.828
8,25.832
8,25.836
8,25.84
8,25.844
8,25.848
8,25.852
8,25.855
8,25.859
8,25.863
8,25.867
0,25.871
0,25.875
0,25.879
0,25.883
0,25.887
8,25.891
8,25.895
8,25.898
8,25.902
8,25.906
8,25.91
8,25.914
8,25.918
8,25.922
8,25.926
8,25.93
8,25.934
0,25.938
0,25.941
0,25.945
0,25.949
0,25.953
0,25.957
0,25.961
0,25.965
0,25.969
0,25.973
0,25.977
0,25.98
0,25.984
0,25.988
0,25.992
0,25.996
0,26
0,26.004
0,26.008
0,26.012
0,26.016
0,26.02
0,26.023
0,26.027
0,26.031
0,26.035
0,26.039
0,26.043
0,26.047
0,26.051
0,26.055
0,26.059
0,26.063
0,26.066
0,26.07
0,26.074
0,26.078
0,26.082
0,26.086
0,26.09
0,26.094
0,26.098
0,26.102
0,26.105
0,26.109
0,26.113
0,26.117
0,26.121
0,26.125
0,26.129
0,26.133
0,26.137
0,26.141
0,26.145
0,26.148
0,26.152
0,26.156
0,26.16
0,26.164
0,26.168
0,26.172
0,26.176
0,26.18
0,26.184
0,26.188
0,26.191
0,26.195
0,26.199
0,26.203
0,26.207
0,26.211
0,26.215
0,26.219
0,26.223
0,26.227
0,26.23
0,26.234
0,26.238
0,26.242
0,26.246
0,26.25
0,26.254
0,26.258
0,26.262
0,26.266
0,26.27
0,26.273
0,26.277
0,26.281
0,26.285
0,26.289
0,26.293
0,26.297
0,26.301
0,26.305
0,26.309
0,26.313
0,26.316
0,26.32
0,26.324
0,26.328
0,26.332
0,26.336
0,26.34
0,26.344
0,26.348
0,26.352
0,26.355
0,26.359
0,26.363
0,26.367
0,26.371
0,26.375
0,26.379
0,26.383
0,26.387
0,26.391
0,26.395
0,26.398
0,26.402
0,26.406
0,26.41
0,26.414
0,26.418
0,26.422
0,26.426
0,26.43
0,26.434
0,26.438
0,26.441
0,26.445
0,26.449
0,26.453
0,26.457
0,26.461
0,26.465
0,26.469
0,26.473
0,26.477
0,26.48
0,26.484
0,26.488
0,26.492
0,26.496
0,26.5
0,26.504
0,26.508
0,26.512
0,26.516
0,26.52
0,26.523
0,26.527
0,26.531
0,26.535
0,26.539
0,26.543
0,26.547
0,26.551
0,26.555
0,26.559
0,26.563
0,26.566
0,26.57
0,26.574
0,26.578
0,26.582
0,26.586
0,26.59
0,26.594
0,26.598
0,26.602
0,26.605
0,26.609
0,26.613
0,26.617
0,26.621
0,26.625
0,26.629
0,26.633
0,26.637
0,26.641
0,26.645
0,26.648
0,26.652
0,26.656
0,26.66
0,26.664
0,26.668
0,26.672
0,26.676
0,26.68
0,26.684
0,26.688
0,26.691
0,26.695
0,26.699
0,26.703
0,26.707
0,26.711
0,26.715
0,26.719
0,26.723
0,26.727
0,26.73
0,26.734
0,26.738
0,26.742
0,26.746
0,26.75
0,26.754
0,26.758
0,26.762
0,26.766
0,26.77
0,26.773
0,26.777
0,26.781
0,26.785
0,26.789
0,26.793
0,26.797
0,26.801
0,26.805
0,26.809
0,26.813
0,26.816
0,26.82
0,26.824
0,26.828
0,26.832
0,26.836
0,26.84
0,26.844
0,26.848
0,26.852
0,26.855
0,26.859
0,26.863
0,26.867
0,26.871
0,26.875
0,26.879
0,26.883
0,26.887
0,26.891
0,26.895
0,26.898
0,26.902
0,26.906
0,26.91
0,26.914
0,26.918
0,26.922
0,26.926
0,26.93
0,26.934
0,26.938
0,26.941
0,26.945
0,26.949
0,26.953
0,26.957
0,26.961
0,26.965
0,26.969
0,26.973
0,26.977
0,26.98
0,26.984
0,26.988
0,26.992
0,26.996
0,27
0,27.004
0,27.008
0,27.012
0,27.016
0,27.02
0,27.023
0,27.027
0,27.031
0,27.035
0,27.039
0,27.043
0,27.047
0,27.051
0,27.055
0,27.059
0,27.063
0,27.066
0,27.07
0,27.074
0,27.078
0,27.082
0,27.086
0,27.09
0,27.094
0,27.098
0,27.102
0,27.105
0,27.109
0,27.113
0,27.117
0,27.121
0,27.125
0,27.129
0,27.133
0,27.137
0,27.141
0,27.145
0,27.148
0,27.152
0,27.156
0,27.16
0,27.164
0,27.168
0,27.172
0,27.176
0,27.18
0,27.184
0,27.188
0,27.191
0,27.195
0,27.199
0,27.203
0,27.207
0,27.211
0,27.215
0,27.219
0,27.223
0,27.227
0,27.23
0,27.234
0,27.238
0,27.242
0,27.246
0,27.25
0,27.254
0,27.258
0,27.262
0,27.266
0,27.27
0,27.273
0,27.277
0,27.281
0,27.285
0,27.289
0,27.293
0,27.297
0,27.301
0,27.305
0,27.309
0,27.313
0,27.316
0,27.32
0,27.324
0,27.328
0,27.332
0,27.336
0,27.34
0,27.344
0,27.348
0,27.352
0,27.355
0,27.359
0,27.363
0,27.367
0,27.371
0,27.375
0,27.379
0,27.383
0,27.387
0,27.391
0,27.395
0,27.398
0,27.402
0,27.406
0,27.41
0,27.414
0,27.418
0,27.422
0,27.426
0,27.43
0,27.434
0,27.438
0,27.441
0,27.445
0,27.449
0,27.453
0,27.457
0,27.461
0,27.465
0,27.469
0,27.473
0,27.477
0,27.48
0,27.484
0,27.488
0,27.492
0,27.496
0,27.5
0,27.504
0,27.508
0,27.512
0,27.516
0,27.52
0,27.523
0,27.527
0,27.531
0,27.535
0,27.539
0,27.543
0,27.547
0,27.551
0,27.555
0,27.559
0,27.563
0,27.566
0,27.57
0,27.574
0,27.578
0,27.582
0,27.586
0,27.59
0,27.594
0,27.598
0,27.602
0,27.605
0,27.609
0,27.613
0,27.617
0,27.621
0,27.625
0,27.629
0,27.633
0,27.637
0,27.641
0,27.645
0,27.648
0,27.652
0,27.656
0,27.66
0,27.664
0,27.668
0,27.672
0,27.676
0,27.68
0,27.684
0,27.688
0,27.691
0,27.695
0,27.699
0,27.703
0,27.707
0,27.711
0,27.715
0,27.719
0,27.723
0,27.727
0,27.73
0,27.734
0,27.738
0,27.742
0,27.746
0,27.75
0,27.754
0,27.758
0,27.762
0,27.766
0,27.77
0,27.773
0,27.777
0,27.781
0,27.785
0,27.789
0,27.793
0,27.797
0,27.801
0,27.805
0,27.809
0,27.813
0,27.816
0,27.82
0,27.824
0,27.828
0,27.832
0,27.836
0,27.84
0,27.844
0,27.848
0,27.852
0,27.855
0,27.859
0,27.863
0,27.867
0,27.871
0,27.875
0,27.879
0,27.883
0,27.887
0,27.891
0,27.895
0,27.898
0,27.902
0,27.906
0,27.91
0,27.914
0,27.918
0,27.922
0,27.926
0,27.93
0,27.934
0,27.938
0,27.941
0,27.945
0,27.949
0,27.953
0,27.957
0,27.961
0,27.965
0,27.969
0,27.973
0,27.977
0,27.98
0,27.984
0,27.988
0,27.992
0,27.996
0,28
0,28.004
0,28.008
0,28.012
0,28.016
0,28.02
0,28.023
0,28.027
0,28.031
0,28.035
0,28.039
0,28.043
0,28.047
0,28.051
0,28.055
0,28.059
0,28.063
0,28.066
0,28.07
0,28.074
0,28.078
0,28.082
0,28.086
0,28.09
0,28.094
0,28.098
0,28.102
0,28.105
0,28.109
0,28.113
0,28.117
0,28.121
0,28.125
0,28.129
0,28.133
0,28.137
0,28.141
0,28.145
0,28.148
0,28.152
0,28.156
0,28.16
0,28.164
0,28.168
0,28.172
0,28.176
0,28.18
0,28.184
0,28.188
0,28.191
0,28.195
0,28.199
0,28.203
0,28.207
0,28.211
0,28.215
0,28.219
0,28.223
0,28.227
0,28.23
0,28.234
0,28.238
0,28.242
0,28.246
0,28.25
0,28.254
0,28.258
0,28.262
0,28.266
0,28.27
0,28.273
0,28.277
0,28.281
0,28.285
0,28.289
0,28.293
0,28.297
0,28.301
0,28.305
0,28.309
0,28.313
0,28.316
0,28.32
0,28.324
0,28.328
0,28.332
0,28.336
0,28.34
0,28.344
0,28.348
0,28.352
0,28.355
0,28.359
0,28.363
0,28.367
0,28.371
0,28.375
0,28.379
0,28.383
0,28.387
0,28.391
0,28.395
0,28.398
0,28.402
0,28.406
0,28.41
0,28.414
0,28.418
0,28.422
0,28.426
0,28.43
0,28.434
0,28.438
0,28.441
0,28.445
0,28.449
0,28.453
0,28.457
0,28.461
0,28.465
0,28.469
0,28.473
0,28.477
0,28.48
0,28.484
0,28.488
0,28.492
0,28.496
0,28.5
0,28.504
0,28.508
0,28.512
0,28.516
0,28.52
0,28.523
0,28.527
0,28.531
0,28.535
0,28.539
0,28.543
0,28.547
0,28.551
0,28.555
0,28.559
0,28.563
0,28.566
0,28.57
0,28.574
0,28.578
0,28.582
0,28.586
0,28.59
0,28.594
0,28.598
0,28.602
0,28.605
0,28.609
0,28.613
0,28.617
0,28.621
0,28.625
0,28.629
0,28.633
0,28.637
0,28.641
0,28.645
0,28.648
0,28.652
0,28.656
0,28.66
0,28.664
0,28.668
0,28.672
0,28.676
0,28.68
0,28.684
0,28.688
0,28.691
0,28.695
0,28.699
0,28.703
0,28.707
0,28.711
0,28.715
0,28.719
0,28.723
0,28.727
0,28.73
0,28.734
0,28.738
0,28.742
0,28.746
0,28.75
0,28.754
0,28.758
0,28.762
0,28.766
0,28.77
0,28.773
0,28.777
0,28.781
0,28.785
0,28.789
0,28.793
0,28.797
0,28.801
0,28.805
0,28.809
0,28.813
0,28.816
0,28.82
0,28.824
0,28.828
0,28.832
0,28.836
0,28.84
0,28.844
0,28.848
0,28.852
0,28.855
0,28.859
0,28.863
0,28.867
0,28.871
0,28.875
0,28.879
0,28.883
0,28.887
0,28.891
0,28.895
0,28.898
0,28.902
0,28.906
0,28.91
0,28.914
0,28.918
0,28.922
0,28.926
0,28.93
0,28.934
0,28.938
0,28.941
0,28.945
0,28.949
0,28.953
0,28.957
8,28.961
8,28.965
8,28.969
8,28.973
8,28.977
8,28.98
8,28.984
8,28.988
8,28.992
8,28.996
8,29
8,29.004
0,29.008
0,29.012
0,29.016
0,29.02
0,29.023
8,29.027
8,29.031
8,29.035
8,29.039
8,29.043
8,29.047
8,29.051
8,29.055
8,29.059
8,29.063
8,29.066
8,29.07
8,29.074
8,29.078
8,29.082
8,29.086
8,29.09
8,29.094
8,29.098
8,29.102
0,29.105
0,29.109
0,29.113
0,29.117
0,29.121
8,29.125
8,29.129
8,29.133
8,29.137
8,29.141
8,29.145
8,29.148
8,29.152
8,29.156
8,29.16
8,29.164
8,29.168
8,29.172
8,29.176
8,29.18
8,29.184
8,29.188
8,29.191
8,29.195
8,29.199
8,29.203
8,29.207
8,29.211
8,29.215
8,29.219
8,29.223
8,29.227
8,29.23
8,29.234
0,29.238
0,29.242
0,29.246
0,29.25
0,29.254
8,29.258
8,29.262
8,29.266
8,29.27
8,29.273
8,29.277
8,29.281
8,29.285
8,29.289
8,29.293
8,29.297
8,29.301
8,29.305
8,29.309
8,29.313
8,29.316
8,29.32
8,29.324
8,29.328
8,29.332
8,29.336
8,29.34
8,29.344
8,29.348
8,29.352
8,29.355
8,29.359
8,29.363
8,29.367
8,29.371
8,29.375
8,29.379
8,29.383
8,29.387
8,29.391
8,29.395
8,29.398
8,29.402
8,29.406
8,29.41
8,29.414
8,29.418
8,29.422
8,29.426
8,29.43
8,29.434
0,29.438
0,29.441
0,29.445
0,29.449
0,29.453
8,29.457
8,29.461
8,29.465
8,29.469
8,29.473
8,29.477
8,29.48
8,29.484
8,29.488
8,29.492
8,29.496
8,29.5
0,29.504
0,29.508
0,29.512
0,29.516
0,29.52
8,29.523
8,29.527
8,29.531
8,29.535
8,29.539
8,29.543
8,29.547
8,29.551
8,29.555
8,29.559
8,29.563
8,29.566
0,29.57
0,29.574
0,29.578
0,29.582
0,29.586
8,29.59
8,29.594
8,29.598
8,29.602
8,29.605
8,29.609
8,29.613
8,29.617
8,29.621
8,29.625
8,29.629
0,29.633
0,29.637
0,29.641
0,29.645
0,29.648
8,29.652
8,29.656
8,29.66
8,29.664
8,29.668
8,29.672
8,29.676
8,29.68
8,29.684
8,29.688
8,29.691
8,29.695
0,29.699
0,29.703
0,29.707
0,29.711
0,29.715
8,29.719
8,29.723
8,29.727
8,29.73
8,29.734
8,29.738
8,29.742
8,29.746
8,29.75
8,29.754
8,29.758
8,29.762
0,29.766
0,29.77
0,29.773
0,29.777
0,29.781
8,29.785
8,29.789
8,29.793
8,29.797
8,29.801
8,29.805
8,29.809
8,29.813
8,29.816
8,29.82
8,29.824
8,29.828
0,29.832
0,29.836
0,29.84
0,29.844
0,29.848
8,29.852
8,29.855
8,29.859
8,29.863
8,29.867
8,29.871
8,29.875
8,29.879
8,29.883
8,29.887
8,29.891
8,29.895
0,29.898
0,29.902
0,29.906
0,29.91
0,29.914
8,29.918
8,29.922
8,29.926
8,29.93
8,29.934
8,29.938
8,29.941
8,29.945
8,29.949
8,29.953
8,29.957
8,29.961
0,29.965
0,29.969
0,29.973
0,29.977
0,29.98
8,29.984
8,29.988
8,29.992
8,29.996
8,30
8,30.004
8,30.008
8,30.012
8,30.016
8,30.02
8,30.023
8,30.027
0,30.031
0,30.035
0,30.039
0,30.043
0,30.047
8,30.051
8,30.055
8,30.059
8,30.063
8,30.066
8,30.07
8,30.074
8,30.078
8,30.082
8,30.086
8,30.09
8,30.094
0,30.098
0,30.102
0,30.105
0,30.109
0,30.113
8,30.117
8,30.121
8,30.125
8,30.129
8,30.133
8,30.137
8,30.141
8,30.145
8,30.148
8,30.152
8,30.156
8,30.16
0,30.164
0,30.168
0,30.172
0,30.176
8,30.18
8,30.184
8,30.188
8,30.191
8,30.195
8,30.199
8,30.203
8,30.207
8,30.211
8,30.215
8,30.219
8,30.223
8,30.227
0,30.23
0,30.234
0,30.238
0,30.242
8,30.246
8,30.25
8,30.254
8,30.258
8,30.262
8,30.266
8,30.27
8,30.273
8,30.277
8,30.281
8,30.285
8,30.289
0,30.293
0,30.297
0,30.301
0,30.305
0,30.309
8,30.313
8,30.316
8,30.32
8,30.324
8,30.328
8,30.332
8,30.336
8,30.34
8,30.344
8,30.348
8,30.352
8,30.355
0,30.359
0,30.363
0,30.367
0,30.371
0,30.375
8,30.379
8,30.383
8,30.387
8,30.391
8,30.395
8,30.398
8,30.402
8,30.406
8,30.41
8,30.414
8,30.418
8,30.422
0,30.426
0,30.43
0,30.434
0,30.438
0,30.441
8,30.445
8,30.449
8,30.453
8,30.457
8,30.461
8,30.465
8,30.469
8,30.473
8,30.477
8,30.48
8,30.484
8,30.488
0,30.492
0,30.496
0,30.5
0,30.504
0,30.508
8,30.512
8,30.516
8,30.52
8,30.523
8,30.527
8,30.531
8,30.535
8,30.539
8,30.543
8,30.547
8,30.551
8,30.555
0,30.559
0,30.563
0,30.566
0,30.57
0,30.574
8,30.578
8,30.582
8,30.586
8,30.59
8,30.594
8,30.598
8,30.602
8,30.605
8,30.609
8,30.613
8,30.617
8,30.621
0,30.625
0,30.629
0,30.633
0,30.637
0,30.641
8,30.645
8,30.648
8,30.652
8,30.656
8,30.66
8,30.664
8,30.668
8,30.672
8,30.676
8,30.68
8,30.684
8,30.688
0,30.691
0,30.695
0,30.699
0,30.703
0,30.707
8,30.711
8,30.715
8,30.719
8,30.723
8,30.727
8,30.73
8,30.734
8,30.738
8,30.742
8,30.746
8,30.75
8,30.754
0,30.758
0,30.762
0,30.766
0,30.77
0,30.773
8,30.777
8,30.781
8,30.785
8,30.789
8,30.793
8,30.797
8,30.801
8,30.805
8,30.809
8,30.813
8,30.816
8,30.82
0,30.824
0,30.828
0,30.832
0,30.836
0,30.84
8,30.844
8,30.848
8,30.852
8,30.855
8,30.859
8,30.863
8,30.867
8,30.871
8,30.875
8,30.879
8,30.883
8,30.887
0,30.891
0,30.895
0,30.898
0,30.902
0,30.906
8,30.91
8,30.914
8,30.918
8,30.922
8,30.926
8,30.93
8,30.934
8,30.938
8,30.941
8,30.945
8,30.949
8,30.953
0,30.957
0,30.961
0,30.965
0,30.969
8,30.973
8,30.977
8,30.98
8,30.984
8,30.988
8,30.992
8,30.996
8,31
8,31.004
8,31.008
8,31.012
8,31.016
0,31.02
0,31.023
0,31.027
0,31.031
0,31.035
8,31.039
8,31.043
8,31.047
8,31.051
8,31.055
8,31.059
8,31.063
8,31.066
8,31.07
8,31.074
8,31.078
8,31.082
0,31.086
0,31.09
0,31.094
0,31.098
0,31.102
8,31.105
8,31.109
8,31.113
8,31.117
8,31.121
8,31.125
8,31.129
8,31.133
8,31.137
8,31.141
8,31.145
8,31.148
0,31.152
0,31.156
0,31.16
0,31.164
0,31.168
8,31.172
8,31.176
8,31.18
8,31.184
8,31.188
8,31.191
8,31.195
8,31.199
8,31.203
8,31.207
8,31.211
8,31.215
0,31.219
0,31.223
0,31.227
0,31.23
0,31.234
8,31.238
8,31.242
8,31.246
8,31.25
8,31.254
8,31.258
8,31.262
8,31.266
8,31.27
8,31.273
8,31.277
8,31.281
0,31.285
0,31.289
0,31.293
0,31.297
0,31.301
8,31.305
8,31.309
8,31.313
8,31.316
8,31.32
8,31.324
8,31.328
8,31.332
8,31.336
8,31.34
8,31.344
8,31.348
0,31.352
0,31.355
0,31.359
0,31.363
0,31.367
8,31.371
8,31.375
8,31.379
8,31.383
8,31.387
8,31.391
8,31.395
8,31.398
8,31.402
8,31.406
8,31.41
8,31.414
0,31.418
0,31.422
0,31.426
0,31.43
0,31.434
8,31.438
8,31.441
8,31.445
8,31.449
8,31.453
8,31.457
8,31.461
8,31.465
8,31.469
8,31.473
8,31.477
8,31.48
0,31.484
0,31.488
0,31.492
0,31.496
0,31.5
8,31.504
8,31.508
8,31.512
8,31.516
8,31.52
8,31.523
8,31.527
8,31.531
8,31.535
8,31.539
8,31.543
8,31.547
0,31.551
0,31.555
0,31.559
0,31.563
0,31.566
8,31.57
8,31.574
8,31.578
8,31.582
8,31.586
8,31.59
8,31.594
8,31.598
8,31.602
8,31.605
8,31.609
8,31.613
0,31.617
0,31.621
0,31.625
0,31.629
0,31.633
8,31.637
8,31.641
8,31.645
8,31.648
8,31.652
8,31.656
8,31.66
8,31.664
8,31.668
8,31.672
8,31.676
8,31.68
0,31.684
0,31.688
0,31.691
0,31.695
8,31.699
8,31.703
8,31.707
8,31.711
8,31.715
8,31.719
8,31.723
8,31.727
8,31.73
8,31.734
8,31.738
8,31.742
0,31.746
0,31.75
0,31.754
0,31.758
0,31.762
8,31.766
8,31.77
8,31.773
8,31.777
8,31.781
8,31.785
8,31.789
8,31.793
8,31.797
8,31.801
8,31.805
8,31.809
0,31.813
0,31.816
0,31.82
0,31.824
0,31.828
8,31.832
8,31.836
8,31.84
8,31.844
8,31.848
8,31.852
8,31.855
8,31.859
8,31.863
8,31.867
8,31.871
8,31.875
0,31.879
0,31.883
0,31.887
0,31.891
0,31.895
8,31.898
8,31.902
8,31.906
8,31.91
8,31.914
8,31.918
8,31.922
8,31.926
8,31.93
8,31.934
8,31.938
8,31.941
0,31.945
0,31.949
0,31.953
0,31.957
0,31.961
0,31.965
0,31.969
0,31.973
0,31.977
0,31.98
0,31.984
0,31.988
0,31.992
0,31.996
0,32
0,32.004
0,32.008
0,32.012
0,32.016
0,32.02
0,32.023
0,32.027
0,32.031
0,32.035
0,32.039
0,32.043
0,32.047
0,32.051
0,32.055
0,32.059
0,32.063
0,32.066
0,32.07
0,32.074
0,32.078
0,32.082
0,32.086
0,32.09
0,32.094
0,32.098
0,32.102
0,32.105
0,32.109
0,32.113
0,32.117
0,32.121
0,32.125
0,32.129
0,32.133
0,32.137
0,32.141
0,32.145
0,32.148
0,32.152
0,32.156
0,32.16
0,32.164
0,32.168
0,32.172
0,32.176
0,32.18
0,32.184
0,32.188
0,32.191
0,32.195
0,32.199
0,32.203
0,32.207
0,32.211
0,32.215
0,32.219
0,32.223
0,32.227
0,32.23
0,32.234
0,32.238
0,32.242
0,32.246
0,32.25
0,32.254
0,32.258
0,32.262
0,32.266
0,32.27
0,32.273
0,32.277
0,32.281
0,32.285
0,32.289
0,32.293
0,32.297
0,32.301
0,32.305
0,32.309
0,32.313
0,32.316
0,32.32
0,32.324
0,32.328
0,32.332
0,32.336
0,32.34
0,32.344
0,32.348
0,32.352
0,32.355
0,32.359
0,32.363
0,32.367
0,32.371
0,32.375
0,32.379
0,32.383
0,32.387
0,32.391
0,32.395
0,32.398
0,32.402
0,32.406
0,32.41
0,32.414
0,32.418
0,32.422
0,32.426
0,32.43
0,32.434
0,32.438
0,32.441
0,32.445
0,32.449
0,32.453
0,32.457
0,32.461
0,32.465
0,32.469
0,32.473
0,32.477
0,32.48
0,32.484
0,32.488
0,32.492
0,32.496
0,32.5
0,32.504
0,32.508
0,32.512
0,32.516
0,32.52
0,32.523
0,32.527
0,32.531
0,32.535
0,32.539
0,32.543
0,32.547
0,32.551
0,32.555
0,32.559
0,32.563
0,32.566
0,32.57
0,32.574
0,32.578
0,32.582
0,32.586
0,32.59
0,32.594
0,32.598
0,32.602
0,32.605
0,32.609
0,32.613
0,32.617
0,32.621
0,32.625
0,32.629
0,32.633
0,32.637
0,32.641
0,32.645
0,32.648
0,32.652
0,32.656
0,32.66
0,32.664
0,32.668
0,32.672
0,32.676
0,32.68
0,32.684
0,32.688
0,32.691
0,32.695
0,32.699
0,32.703
0,32.707
0,32.711
0,32.715
0,32.719
0,32.723
0,32.727
0,32.73
0,32.734
0,32.738
0,32.742
0,32.746
0,32.75
0,32.754
0,32.758
0,32.762
0,32.766
0,32.77
0,32.773
0,32.777
0,32.781
0,32.785
0,32.789
0,32.793
0,32.797
0,32.801
0,32.805
0,32.809
0,32.813
0,32.816
0,32.82
0,32.824
0,32.828
0,32.832
0,32.836
0,32.84
0,32.844
0,32.848
0,32.852
0,32.855
0,32.859
0,32.863
0,32.867
0,32.871
0,32.875
0,32.879
0,32.883
0,32.887
0,32.891
0,32.895
0,32.898
0,32.902
0,32.906
0,32.91
0,32.914
0,32.918
0,32.922
0,32.926
0,32.93
0,32.934
0,32.938
0,32.941
0,32.945
0,32.949
0,32.953
0,32.957
0,32.961
0,32.965
0,32.969
0,32.973
0,32.977
0,32.98
0,32.984
0,32.988
0,32.992
0,32.996
0,33
0,33.004
0,33.008
0,33.012
0,33.016
0,33.02
0,33.023
0,33.027
0,33.031
0,33.035
0,33.039
0,33.043
0,33.047
0,33.051
0,33.055
0,33.059
0,33.063
0,33.066
0,33.07
0,33.074
0,33.078
0,33.082
0,33.086
0,33.09
0,33.094
0,33.098
0,33.102
0,33.105
0,33.109
0,33.113
0,33.117
0,33.121
0,33.125
0,33.129
0,33.133
0,33.137
0,33.141
0,33.145
0,33.148
0,33.152
0,33.156
0,33.16
0,33.164
0,33.168
0,33.172
0,33.176
0,33.18
0,33.184
0,33.188
0,33.191
0,33.195
0,33.199
0,33.203
0,33.207
0,33.211
0,33.215
0,33.219
0,33.223
0,33.227
0,33.23
0,33.234
0,33.238
0,33.242
0,33.246
0,33.25
0,33.254
0,33.258
0,33.262
0,33.266
0,33.27
0,33.273
0,33.277
0,33.281
0,33.285
0,33.289
0,33.293
0,33.297
0,33.301
0,33.305
0,33.309
0,33.313
0,33.316
0,33.32
0,33.324
0,33.328
0,33.332
0,33.336
0,33.34
0,33.344
0,33.348
0,33.352
0,33.355
0,33.359
0,33.363
0,33.367
0,33.371
0,33.375
0,33.379
0,33.383
0,33.387
0,33.391
0,33.395
0,33.398
0,33.402
0,33.406
0,33.41
0,33.414
0,33.418
0,33.422
0,33.426
0,33.43
0,33.434
0,33.438
0,33.441
0,33.445
0,33.449
0,33.453
0,33.457
0,33.461
0,33.465
0,33.469
0,33.473
0,33.477
0,33.48
0,33.484
0,33.488
0,33.492
0,33.496
0,33.5
0,33.504
0,33.508
0,33.512
0,33.516
0,33.52
0,33.523
0,33.527
0,33.531
0,33.535
0,33.539
0,33.543
0,33.547
0,33.551
0,33.555
0,33.559
0,33.563
0,33.566
0,33.57
0,33.574
0,33.578
0,33.582
0,33.586
0,33.59
0,33.594
0,33.598
0,33.602
0,33.605
0,33.609
0,33.613
0,33.617
0,33.621
0,33.625
0,33.629
0,33.633
0,33.637
0,33.641
0,33.645
0,33.648
0,33.652
0,33.656
0,33.66
0,33.664
0,33.668
0,33.672
0,33.676
0,33.68
0,33.684
0,33.688
0,33.691
0,33.695
0,33.699
0,33.703
0,33.707
0,33.711
0,33.715
0,33.719
0,33.723
0,33.727
0,33.73
0,33.734
0,33.738
0,33.742
0,33.746
0,33.75
0,33.754
0,33.758
0,33.762
0,33.766
0,33.77
0,33.773
0,33.777
0,33.781
0,33.785
0,33.789
0,33.793
0,33.797
0,33.801
0,33.805
0,33.809
0,33.813
0,33.816
0,33.82
0,33.824
0,33.828
0,33.832
0,33.836
0,33.84
0,33.844
0,33.848
0,33.852
0,33.855
0,33.859
0,33.863
0,33.867
0,33.871
0,33.875
0,33.879
0,33.883
0,33.887
0,33.891
0,33.895
0,33.898
0,33.902
0,33.906
0,33.91
0,33.914
0,33.918
0,33.922
0,33.926
0,33.93
0,33.934
0,33.938
0,33.941
0,33.945
0,33.949
0,33.953
0,33.957
0,33.961
0,33.965
0,33.969
0,33.973
0,33.977
0,33.98
0,33.984
0,33.988
0,33.992
0,33.996
0,34
0,34.004
0,34.008
0,34.012
0,34.016
0,34.02
0,34.023
0,34.027
0,34.031
0,34.035
0,34.039
0,34.043
0,34.047
0,34.051
0,34.055
0,34.059
0,34.063
0,34.066
0,34.07
0,34.074
0,34.078
0,34.082
0,34.086
0,34.09
0,34.094
0,34.098
0,34.102
0,34.105
0,34.109
0,34.113
0,34.117
0,34.121
0,34.125
0,34.129
0,34.133
0,34.137
0,34.141
0,34.145
0,34.148
0,34.152
0,34.156
0,34.16
0,34.164
0,34.168
0,34.172
0,34.176
0,34.18
0,34.184
0,34.188
0,34.191
0,34.195
0,34.199
0,34.203
0,34.207
0,34.211
0,34.215
0,34.219
0,34.223
0,34.227
0,34.23
0,34.234
0,34.238
0,34.242
0,34.246
0,34.25
0,34.254
0,34.258
0,34.262
0,34.266
0,34.27
0,34.273
0,34.277
0,34.281
0,34.285
0,34.289
0,34.293
0,34.297
0,34.301
0,34.305
0,34.309
0,34.313
0,34.316
0,34.32
0,34.324
0,34.328
0,34.332
0,34.336
0,34.34
0,34.344
0,34.348
0,34.352
0,34.355
0,34.359
0,34.363
0,34.367
0,34.371
0,34.375
0,34.379
0,34.383
0,34.387
0,34.391
0,34.395
0,34.398
0,34.402
0,34.406
0,34.41
0,34.414
0,34.418
0,34.422
0,34.426
0,34.43
0,34.434
0,34.438
0,34.441
0,34.445
0,34.449
0,34.453
0,34.457
0,34.461
0,34.465
0,34.469
0,34.473
0,34.477
0,34.48
0,34.484
0,34.488
0,34.492
0,34.496
0,34.5
0,34.504
0,34.508
0,34.512
0,34.516
0,34.52
0,34.523
0,34.527
0,34.531
0,34.535
0,34.539
0,34.543
0,34.547
0,34.551
0,34.555
0,34.559
0,34.563
0,34.566
0,34.57
0,34.574
0,34.578
0,34.582
0,34.586
0,34.59
0,34.594
0,34.598
0,34.602
0,34.605
0,34.609
0,34.613
0,34.617
0,34.621
0,34.625
0,34.629
0,34.633
0,34.637
0,34.641
0,34.645
0,34.648
0,34.652
0,34.656
0,34.66
0,34.664
0,34.668
0,34.672
0,34.676
0,34.68
0,34.684
0,34.688
0,34.691
0,34.695
0,34.699
0,34.703
0,34.707
0,34.711
0,34.715
0,34.719
0,34.723
0,34.727
0,34.73
0,34.734
0,34.738
0,34.742
0,34.746
0,34.75
0,34.754
0,34.758
0,34.762
0,34.766
0,34.77
0,34.773
0,34.777
0,34.781
0,34.785
0,34.789
0,34.793
0,34.797
0,34.801
0,34.805
0,34.809
0,34.813
0,34.816
0,34.82
0,34.824
0,34.828
0,34.832
0,34.836
0,34.84
0,34.844
0,34.848
0,34.852
0,34.855
0,34.859
0,34.863
0,34.867
0,34.871
0,34.875
0,34.879
0,34.883
0,34.887
0,34.891
0,34.895
0,34.898
0,34.902
0,34.906
0,34.91
0,34.914
0,34.918
0,34.922
0,34.926
0,34.93
0,34.934
0,34.938
0,34.941
0,34.945
0,34.949
0,34.953
0,34.957
0,34.961
0,34.965
8,34.969
8,34.973
8,34.977
8,34.98
8,34.984
8,34.988
8,34.992
8,34.996
8,35
8,35.004
8,35.008
8,35.012
0,35.016
0,35.02
0,35.023
0,35.027
0,35.031
8,35.035
8,35.039
8,35.043
8,35.047
8,35.051
8,35.055
8,35.059
8,35.063
8,35.066
8,35.07
8,35.074
8,35.078
0,35.082
0,35.086
0,35.09
0,35.094
0,35.098
8,35.102
8,35.105
8,35.109
8,35.113
8,35.117
8,35.121
8,35.125
8,35.129
8,35.133
8,35.137
8,35.141
8,35.145
0,35.148
0,35.152
0,35.156
0,35.16
0,35.164
8,35.168
8,35.172
8,35.176
8,35.18
8,35.184
8,35.188
8,35.191
8,35.195
8,35.199
8,35.203
8,35.207
8,35.211
8,35.215
8,35.219
8,35.223
8,35.227
8,35.23
8,35.234
8,35.238
8,35.242
8,35.246
8,35.25
8,35.254
8,35.258
8,35.262
8,35.266
8,35.27
8,35.273
8,35.277
0,35.281
0,35.285
0,35.289
0,35.293
0,35.297
8,35.301
8,35.305
8,35.309
8,35.313
8,35.316
8,35.32
8,35.324
8,35.328
8,35.332
8,35.336
8,35.34
8,35.344
8,35.348
8,35.352
8,35.355
8,35.359
8,35.363
8,35.367
8,35.371
8,35.375
8,35.379
8,35.383
8,35.387
8,35.391
8,35.395
8,35.398
8,35.402
8,35.406
8,35.41
8,35.414
8,35.418
8,35.422
8,35.426
8,35.43
8,35.434
8,35.438
8,35.441
0,35.445
0,35.449
0,35.453
0,35.457
0,35.461
8,35.465
8,35.469
8,35.473
8,35.477
8,35.48
8,35.484
8,35.488
8,35.492
8,35.496
8,35.5
8,35.504
8,35.508
8,35.512
8,35.516
8,35.52
8,35.523
8,35.527
8,35.531
8,35.535
8,35.539
8,35.543
8,35.547
8,35.551
8,35.555
8,35.559
8,35.563
8,35.566
8,35.57
8,35.574
0,35.578
0,35.582
0,35.586
0,35.59
0,35.594
8,35.598
8,35.602
8,35.605
8,35.609
8,35.613
8,35.617
8,35.621
8,35.625
8,35.629
8,35.633
8,35.637
8,35.641
8,35.645
8,35.648
8,35.652
8,35.656
8,35.66
8,35.664
8,35.668
8,35.672
8,35.676
8,35.68
8,35.684
8,35.688
8,35.691
8,35.695
8,35.699
8,35.703
8,35.707
0,35.711
0,35.715
0,35.719
0,35.723
0,35.727
8,35.73
8,35.734
8,35.738
8,35.742
8,35.746
8,35.75
8,35.754
8,35.758
8,35.762
8,35.766
8,35.77
8,35.773
0,35.777
0,35.781
0,35.785
0,35.789
0,35.793
8,35.797
8,35.801
8,35.805
8,35.809
8,35.813
8,35.816
8,35.82
8,35.824
8,35.828
8,35.832
8,35.836
8,35.84
0,35.844
0,35.848
0,35.852
0,35.855
0,35.859
8,35.863
8,35.867
8,35.871
8,35.875
