{
    "main" : "Dashboard",
    "signal" : "file",
    "mac_addr" : "0x61,0x9c,0x58,0x80,0x07,0x00",
    "fullscreen" : false,
    "fps" : false,
    "vsync" : false,
    "stimuli" : "ssvep",
    "decoder" : "inline",
    "controllers" : [
        {
            "name" : "FastPad",
            "args" : {
            }
        },
        {
            "name" : "GridSpeak",
            "args" : {
            }
        },
        {
            "name" : "GridCursor",
            "args" : {
            }
        },
        {
            "name" : "MouthBasedEMGCollector",
            "args" : {
            }
        },
        {
            "name" : "Dashboard",
            "args" : {
                "controllers" : ["FastPad", "GridSpeak", "GridCursor", "MouthBasedEMGCollector"]
            }
        }
    ],    
    
    "logging": {
        "version": 1,
        "disable_existing_loggers": false,
        "formatters": {
            "simple": {
                "format": "%(asctime)s - %(name)s - %(levelname)s - %(message)s"
            }
        },
     
        "handlers": {
            "console": {
                "class": "logging.StreamHandler",
                "level": "DEBUG",
                "formatter": "simple",
                "stream": "ext://sys.stdout"
            },
            
            "file_handler": {
                "class": "logging.handlers.RotatingFileHandler",
                "formatter": "simple",
                "filename": "unlock.log",
                "maxBytes": 10485760,
                "backupCount": 20,
                "encoding": "utf8"
            }
        },
        
        "root": {
            "level": "INFO",
            "handlers": ["console", "file_handler"]
        }
    }
}
